penalty,.metric,.estimator,mean,n,std_err,.config
1e-4,rmse,standard,34.83580552513093,5,8.159021547684745,Preprocessor1_Model001
1e-4,rsq,standard,0.6083171292874764,5,0.10528039547493594,Preprocessor1_Model001
0.020139879759519037,rmse,standard,30.804770754300048,5,8.38281127512161,Preprocessor1_Model002
0.020139879759519037,rsq,standard,0.7045552609014423,5,0.07357545549661772,Preprocessor1_Model002
0.04017975951903808,rmse,standard,28.8170203846256,5,8.350081193894562,Preprocessor1_Model003
0.04017975951903808,rsq,standard,0.7321254987870919,5,0.06023036084706631,Preprocessor1_Model003
0.06021963927855711,rmse,standard,27.73089635818744,5,8.268007457109702,Preprocessor1_Model004
0.06021963927855711,rsq,standard,0.7451035322791097,5,0.05200906033787015,Preprocessor1_Model004
0.08025951903807615,rmse,standard,27.24990330589547,5,8.221712824260479,Preprocessor1_Model005
0.08025951903807615,rsq,standard,0.7517082634104977,5,0.048471594643585546,Preprocessor1_Model005
0.1002993987975952,rmse,standard,26.83360801825094,5,8.155766324170656,Preprocessor1_Model006
0.1002993987975952,rsq,standard,0.7566129335865645,5,0.045997176329106125,Preprocessor1_Model006
0.12033927855711422,rmse,standard,26.498039104761723,5,8.070274650337504,Preprocessor1_Model007
0.12033927855711422,rsq,standard,0.7596703080089711,5,0.04447386582190241,Preprocessor1_Model007
0.14037915831663325,rmse,standard,26.266270321195705,5,8.008316731037615,Preprocessor1_Model008
0.14037915831663325,rsq,standard,0.7610687615152386,5,0.043596164395764796,Preprocessor1_Model008
0.1604190380761523,rmse,standard,26.075158024410594,5,7.947169848515607,Preprocessor1_Model009
0.1604190380761523,rsq,standard,0.7619018142508308,5,0.04280878115333652,Preprocessor1_Model009
0.18045891783567133,rmse,standard,25.94604750456561,5,7.920388894933124,Preprocessor1_Model010
0.18045891783567133,rsq,standard,0.7621902306461489,5,0.042246554078554925,Preprocessor1_Model010
0.20049879759519038,rmse,standard,25.852906584064964,5,7.910310213308465,Preprocessor1_Model011
0.20049879759519038,rsq,standard,0.7619575541084199,5,0.041844086494437174,Preprocessor1_Model011
0.22053867735470942,rmse,standard,25.785518686125414,5,7.912194178249634,Preprocessor1_Model012
0.22053867735470942,rsq,standard,0.7614565493941782,5,0.041537425872398955,Preprocessor1_Model012
0.24057855711422843,rmse,standard,25.6840920928847,5,7.897671990421688,Preprocessor1_Model013
0.24057855711422843,rsq,standard,0.7608502169913607,5,0.0412758590582919,Preprocessor1_Model013
0.26061843687374747,rmse,standard,25.604541890224027,5,7.885310968414429,Preprocessor1_Model014
0.26061843687374747,rsq,standard,0.7600010509388463,5,0.041111352166019695,Preprocessor1_Model014
0.2806583166332665,rmse,standard,25.50797045752409,5,7.864470825502399,Preprocessor1_Model015
0.2806583166332665,rsq,standard,0.7591989220474947,5,0.04092018858131857,Preprocessor1_Model015
0.30069819639278556,rmse,standard,25.44711124986812,5,7.8531397104826635,Preprocessor1_Model016
0.30069819639278556,rsq,standard,0.7583717817268693,5,0.04080546927564063,Preprocessor1_Model016
0.3207380761523046,rmse,standard,25.409517748803555,5,7.849066713081509,Preprocessor1_Model017
0.3207380761523046,rsq,standard,0.7575568932675734,5,0.04068416236960452,Preprocessor1_Model017
0.34077795591182364,rmse,standard,25.398405184884354,5,7.855418837521123,Preprocessor1_Model018
0.34077795591182364,rsq,standard,0.7567878913874486,5,0.040611814364944605,Preprocessor1_Model018
0.3608178356713427,rmse,standard,25.421290921368676,5,7.8646159731051775,Preprocessor1_Model019
0.3608178356713427,rsq,standard,0.7558459108307394,5,0.040651456666527606,Preprocessor1_Model019
0.3808577154308617,rmse,standard,25.464450621425147,5,7.878811285565403,Preprocessor1_Model020
0.3808577154308617,rsq,standard,0.7548371201086392,5,0.040747482217553824,Preprocessor1_Model020
0.40089759519038076,rmse,standard,25.527194059860797,5,7.899357860220149,Preprocessor1_Model021
0.40089759519038076,rsq,standard,0.753854957507178,5,0.04084296806711562,Preprocessor1_Model021
0.4209374749498998,rmse,standard,25.591436271998084,5,7.9183488954850345,Preprocessor1_Model022
0.4209374749498998,rsq,standard,0.7528912573268932,5,0.04093333455504058,Preprocessor1_Model022
0.44097735470941885,rmse,standard,25.658533241260333,5,7.937527188742892,Preprocessor1_Model023
0.44097735470941885,rsq,standard,0.7519933071279857,5,0.041054329292163405,Preprocessor1_Model023
0.4610172344689379,rmse,standard,25.72415199483467,5,7.953782807243799,Preprocessor1_Model024
0.4610172344689379,rsq,standard,0.7511445446942611,5,0.04120364015152321,Preprocessor1_Model024
0.4810571142284569,rmse,standard,25.778891269743244,5,7.966373037203398,Preprocessor1_Model025
0.4810571142284569,rsq,standard,0.7502924244268636,5,0.04138326409541338,Preprocessor1_Model025
0.5010969939879759,rmse,standard,25.833220809995577,5,7.977960326221125,Preprocessor1_Model026
0.5010969939879759,rsq,standard,0.7494663074915867,5,0.041548100827705346,Preprocessor1_Model026
0.521136873747495,rmse,standard,25.894887709637565,5,7.988954380663368,Preprocessor1_Model027
0.521136873747495,rsq,standard,0.7486459706835383,5,0.04171752925722438,Preprocessor1_Model027
0.541176753507014,rmse,standard,25.963013247387458,5,8.00256549228322,Preprocessor1_Model028
0.541176753507014,rsq,standard,0.7477497997212555,5,0.041924526684181604,Preprocessor1_Model028
0.561216633266533,rmse,standard,26.027755430748282,5,8.017732436480566,Preprocessor1_Model029
0.561216633266533,rsq,standard,0.7469248537290611,5,0.042085291552270684,Preprocessor1_Model029
0.5812565130260521,rmse,standard,26.089299264364705,5,8.033447659108674,Preprocessor1_Model030
0.5812565130260521,rsq,standard,0.7460784063697212,5,0.042253576858740885,Preprocessor1_Model030
0.6012963927855711,rmse,standard,26.14894793994087,5,8.05004684156413,Preprocessor1_Model031
0.6012963927855711,rsq,standard,0.7452655297754865,5,0.042391336086554425,Preprocessor1_Model031
0.6213362725450902,rmse,standard,26.201529084003504,5,8.066605309448933,Preprocessor1_Model032
0.6213362725450902,rsq,standard,0.7444937659534154,5,0.0424903492778734,Preprocessor1_Model032
0.6413761523046092,rmse,standard,26.249480719814294,5,8.082767793023274,Preprocessor1_Model033
0.6413761523046092,rsq,standard,0.743717506401827,5,0.04257842611055844,Preprocessor1_Model033
0.6614160320641282,rmse,standard,26.29695860825646,5,8.098650755352036,Preprocessor1_Model034
0.6614160320641282,rsq,standard,0.7429486995257325,5,0.0426597528807598,Preprocessor1_Model034
0.6814559118236473,rmse,standard,26.348849824183482,5,8.117068687698648,Preprocessor1_Model035
0.6814559118236473,rsq,standard,0.7421772020199733,5,0.042759295390117,Preprocessor1_Model035
0.7014957915831663,rmse,standard,26.397529327781168,5,8.133529463565303,Preprocessor1_Model036
0.7014957915831663,rsq,standard,0.7414350770324338,5,0.042835320263691024,Preprocessor1_Model036
0.7215356713426854,rmse,standard,26.442659901035327,5,8.147813751023468,Preprocessor1_Model037
0.7215356713426854,rsq,standard,0.7407316493839112,5,0.04288283363458772,Preprocessor1_Model037
0.7415755511022044,rmse,standard,26.487153642321335,5,8.161441051479144,Preprocessor1_Model038
0.7415755511022044,rsq,standard,0.7399984839369818,5,0.04292773223982375,Preprocessor1_Model038
0.7616154308617235,rmse,standard,26.531614939041887,5,8.17511965254076,Preprocessor1_Model039
0.7616154308617235,rsq,standard,0.7392397077422941,5,0.04297784753120381,Preprocessor1_Model039
0.7816553106212425,rmse,standard,26.57492832587998,5,8.188847266588008,Preprocessor1_Model040
0.7816553106212425,rsq,standard,0.7384740816583897,5,0.043028330462423846,Preprocessor1_Model040
0.8016951903807615,rmse,standard,26.617465040826154,5,8.202534766680293,Preprocessor1_Model041
0.8016951903807615,rsq,standard,0.7376727670257994,5,0.043093647149014584,Preprocessor1_Model041
0.8217350701402806,rmse,standard,26.65874394911345,5,8.215939806015864,Preprocessor1_Model042
0.8217350701402806,rsq,standard,0.7368471170369505,5,0.04316880151154298,Preprocessor1_Model042
0.8417749498997996,rmse,standard,26.699704161505867,5,8.229749317540763,Preprocessor1_Model043
0.8417749498997996,rsq,standard,0.7360496331271168,5,0.04324814228500034,Preprocessor1_Model043
0.8618148296593187,rmse,standard,26.74095204452163,5,8.243975978155238,Preprocessor1_Model044
0.8618148296593187,rsq,standard,0.7353090904799915,5,0.04332503817723321,Preprocessor1_Model044
0.8818547094188377,rmse,standard,26.781976144685043,5,8.25794668622154,Preprocessor1_Model045
0.8818547094188377,rsq,standard,0.734609297441685,5,0.04337236087145339,Preprocessor1_Model045
0.9018945891783567,rmse,standard,26.82310955146542,5,8.271700127021496,Preprocessor1_Model046
0.9018945891783567,rsq,standard,0.7338860771941574,5,0.043423219053720416,Preprocessor1_Model046
0.9219344689378758,rmse,standard,26.86513806719014,5,8.285390733921389,Preprocessor1_Model047
0.9219344689378758,rsq,standard,0.7331620644960247,5,0.043477463255885286,Preprocessor1_Model047
0.9419743486973948,rmse,standard,26.90822228076592,5,8.298964868764548,Preprocessor1_Model048
0.9419743486973948,rsq,standard,0.7324519238792102,5,0.04353444610369231,Preprocessor1_Model048
0.9620142284569138,rmse,standard,26.951435991290474,5,8.313668888691508,Preprocessor1_Model049
0.9620142284569138,rsq,standard,0.7317741895920684,5,0.04356745582088991,Preprocessor1_Model049
0.9820541082164328,rmse,standard,26.99656227658437,5,8.329571754712617,Preprocessor1_Model050
0.9820541082164328,rsq,standard,0.7310830261458847,5,0.043605271046915944,Preprocessor1_Model050
1.0020939879759518,rmse,standard,27.041734152272277,5,8.345583695914005,Preprocessor1_Model051
1.0020939879759518,rsq,standard,0.7303819649847859,5,0.04365224603689626,Preprocessor1_Model051
1.022133867735471,rmse,standard,27.088116582970642,5,8.362356494742926,Preprocessor1_Model052
1.022133867735471,rsq,standard,0.7296792600529862,5,0.04370897614274348,Preprocessor1_Model052
1.04217374749499,rmse,standard,27.13525380773649,5,8.379173254511848,Preprocessor1_Model053
1.04217374749499,rsq,standard,0.7289706360069153,5,0.04376395776192905,Preprocessor1_Model053
1.062213627254509,rmse,standard,27.185452681334507,5,8.397247480179402,Preprocessor1_Model054
1.062213627254509,rsq,standard,0.7282768876881806,5,0.04381633776481594,Preprocessor1_Model054
1.082253507014028,rmse,standard,27.236549318361632,5,8.416134480954366,Preprocessor1_Model055
1.082253507014028,rsq,standard,0.727580479487054,5,0.04387997830730195,Preprocessor1_Model055
1.1022933867735472,rmse,standard,27.28749625902835,5,8.435134402731808,Preprocessor1_Model056
1.1022933867735472,rsq,standard,0.7268787766624288,5,0.04394985672296141,Preprocessor1_Model056
1.122333266533066,rmse,standard,27.33346689883326,5,8.451569827476234,Preprocessor1_Model057
1.122333266533066,rsq,standard,0.7262575452284615,5,0.04398196845707039,Preprocessor1_Model057
1.1423731462925852,rmse,standard,27.37994927758803,5,8.467993853737594,Preprocessor1_Model058
1.1423731462925852,rsq,standard,0.7256216495297318,5,0.04401684036780922,Preprocessor1_Model058
1.1624130260521042,rmse,standard,27.42447200411353,5,8.482563487329307,Preprocessor1_Model059
1.1624130260521042,rsq,standard,0.7249830004184068,5,0.04406074246279357,Preprocessor1_Model059
1.1824529058116233,rmse,standard,27.467397772949674,5,8.49601904693131,Preprocessor1_Model060
1.1824529058116233,rsq,standard,0.7243385253491064,5,0.04411359205136192,Preprocessor1_Model060
1.2024927855711423,rmse,standard,27.510617230992388,5,8.509538360676942,Preprocessor1_Model061
1.2024927855711423,rsq,standard,0.7236833794442742,5,0.04417122214574832,Preprocessor1_Model061
1.2225326653306614,rmse,standard,27.552152261610598,5,8.522863854111469,Preprocessor1_Model062
1.2225326653306614,rsq,standard,0.723147724010673,5,0.04420653377675624,Preprocessor1_Model062
1.2425725450901803,rmse,standard,27.592979031693233,5,8.53612931436473,Preprocessor1_Model063
1.2425725450901803,rsq,standard,0.7226620738441751,5,0.044232151099063394,Preprocessor1_Model063
1.2626124248496995,rmse,standard,27.633908722872988,5,8.54952997036959,Preprocessor1_Model064
1.2626124248496995,rsq,standard,0.7222191104346792,5,0.044231784079582094,Preprocessor1_Model064
1.2826523046092184,rmse,standard,27.659425745437982,5,8.553016249938086,Preprocessor1_Model065
1.2826523046092184,rsq,standard,0.7218171341314763,5,0.04425201980124359,Preprocessor1_Model065
1.3026921843687373,rmse,standard,27.68509679076239,5,8.55645102491858,Preprocessor1_Model066
1.3026921843687373,rsq,standard,0.7214116575981101,5,0.04427515060222205,Preprocessor1_Model066
1.3227320641282565,rmse,standard,27.710954203306937,5,8.55989184860806,Preprocessor1_Model067
1.3227320641282565,rsq,standard,0.7210012277969295,5,0.04430057513489465,Preprocessor1_Model067
1.3427719438877754,rmse,standard,27.735718599975932,5,8.562971100330667,Preprocessor1_Model068
1.3427719438877754,rsq,standard,0.7206313954637183,5,0.04431545006018043,Preprocessor1_Model068
1.3628118236472946,rmse,standard,27.760288247421133,5,8.565966729168785,Preprocessor1_Model069
1.3628118236472946,rsq,standard,0.7202667571369215,5,0.04432875578133368,Preprocessor1_Model069
1.3828517034068135,rmse,standard,27.784623844269944,5,8.569147099536753,Preprocessor1_Model070
1.3828517034068135,rsq,standard,0.7199201809601736,5,0.044330528350387435,Preprocessor1_Model070
1.4028915831663327,rmse,standard,27.808579719412293,5,8.57217018710972,Preprocessor1_Model071
1.4028915831663327,rsq,standard,0.7195771868014409,5,0.04432959838947317,Preprocessor1_Model071
1.4229314629258516,rmse,standard,27.833871315407965,5,8.574967403698919,Preprocessor1_Model072
1.4229314629258516,rsq,standard,0.71925162584596,5,0.044339145166951914,Preprocessor1_Model072
1.4429713426853708,rmse,standard,27.861645880679863,5,8.577405469797192,Preprocessor1_Model073
1.4429713426853708,rsq,standard,0.718963784415166,5,0.04436676151138384,Preprocessor1_Model073
1.4630112224448897,rmse,standard,27.889428886588732,5,8.579798899240366,Preprocessor1_Model074
1.4630112224448897,rsq,standard,0.7186730555819322,5,0.04439485956556647,Preprocessor1_Model074
1.4830511022044088,rmse,standard,27.917095564704475,5,8.582074618090576,Preprocessor1_Model075
1.4830511022044088,rsq,standard,0.7183821657684192,5,0.044422435228055154,Preprocessor1_Model075
1.5030909819639278,rmse,standard,27.944884123081838,5,8.584379271543668,Preprocessor1_Model076
1.5030909819639278,rsq,standard,0.718085438146256,5,0.04445162991146195,Preprocessor1_Model076
1.523130861723447,rmse,standard,27.973334864571747,5,8.587094326079203,Preprocessor1_Model077
1.523130861723447,rsq,standard,0.7177810201187013,5,0.04448301834581323,Preprocessor1_Model077
1.5431707414829658,rmse,standard,28.00653620904548,5,8.592853852506718,Preprocessor1_Model078
1.5431707414829658,rsq,standard,0.7174683095181321,5,0.04451398804142206,Preprocessor1_Model078
1.563210621242485,rmse,standard,28.039911709309557,5,8.598641508222963,Preprocessor1_Model079
1.563210621242485,rsq,standard,0.717150486195808,5,0.044546837575824734,Preprocessor1_Model079
1.583250501002004,rmse,standard,28.073469938004436,5,8.604455847550987,Preprocessor1_Model080
1.583250501002004,rsq,standard,0.7168275836788666,5,0.04458161539308842,Preprocessor1_Model080
1.603290380761523,rmse,standard,28.10766128574409,5,8.610656413348577,Preprocessor1_Model081
1.603290380761523,rsq,standard,0.7164919665469954,5,0.04462176505318632,Preprocessor1_Model081
1.623330260521042,rmse,standard,28.14356320760792,5,8.617940669348691,Preprocessor1_Model082
1.623330260521042,rsq,standard,0.7161282751028009,5,0.04467483718705219,Preprocessor1_Model082
1.6433701402805612,rmse,standard,28.179577640780984,5,8.625249049776185,Preprocessor1_Model083
1.6433701402805612,rsq,standard,0.7157589211447516,5,0.044729424818619,Preprocessor1_Model083
1.66341002004008,rmse,standard,28.21565659094022,5,8.63260284882612,Preprocessor1_Model084
1.66341002004008,rsq,standard,0.7153872838267856,5,0.04478370144015292,Preprocessor1_Model084
1.6834498997995992,rmse,standard,28.256235567016013,5,8.642882492607447,Preprocessor1_Model085
1.6834498997995992,rsq,standard,0.71501134444977,5,0.04483948275096821,Preprocessor1_Model085
1.7034897795591182,rmse,standard,28.29874131827251,5,8.654389590537534,Preprocessor1_Model086
1.7034897795591182,rsq,standard,0.7146296998126379,5,0.044897096010375,Preprocessor1_Model086
1.7235296593186373,rmse,standard,28.34123165809728,5,8.665963354416636,Preprocessor1_Model087
1.7235296593186373,rsq,standard,0.7142406214998943,5,0.044955840089640015,Preprocessor1_Model087
1.7435695390781563,rmse,standard,28.383831878545326,5,8.677583949002532,Preprocessor1_Model088
1.7435695390781563,rsq,standard,0.7138453761593279,5,0.045016224768501194,Preprocessor1_Model088
1.7636094188376754,rmse,standard,28.42679025181501,5,8.689362584587512,Preprocessor1_Model089
1.7636094188376754,rsq,standard,0.7134450724334015,5,0.045078922085025654,Preprocessor1_Model089
1.7836492985971943,rmse,standard,28.470132263140687,5,8.701311766535387,Preprocessor1_Model090
1.7836492985971943,rsq,standard,0.7130393532539439,5,0.045144053975692926,Preprocessor1_Model090
1.8036891783567135,rmse,standard,28.513593202090526,5,8.713301668911223,Preprocessor1_Model091
1.8036891783567135,rsq,standard,0.7126276557783321,5,0.04521084199789395,Preprocessor1_Model091
1.8237290581162324,rmse,standard,28.557093289719248,5,8.725367659485887,Preprocessor1_Model092
1.8237290581162324,rsq,standard,0.7122043910234007,5,0.04528232981604071,Preprocessor1_Model092
1.8437689378757516,rmse,standard,28.602325690880512,5,8.738582510035998,Preprocessor1_Model093
1.8437689378757516,rsq,standard,0.7117723314742584,5,0.04535557146646778,Preprocessor1_Model093
1.8638088176352705,rmse,standard,28.648827854111964,5,8.752614163614686,Preprocessor1_Model094
1.8638088176352705,rsq,standard,0.7113336232526364,5,0.04542983609136725,Preprocessor1_Model094
1.8838486973947897,rmse,standard,28.694969386174083,5,8.766770728845344,Preprocessor1_Model095
1.8838486973947897,rsq,standard,0.7108981085883668,5,0.04550910863063036,Preprocessor1_Model095
1.9038885771543086,rmse,standard,28.74091665751302,5,8.781026202309352,Preprocessor1_Model096
1.9038885771543086,rsq,standard,0.7104626284254058,5,0.04559224969179207,Preprocessor1_Model096
1.9239284569138275,rmse,standard,28.786983792008748,5,8.79533249535059,Preprocessor1_Model097
1.9239284569138275,rsq,standard,0.710021204470998,5,0.04567708552768821,Preprocessor1_Model097
1.9439683366733467,rmse,standard,28.83332014493753,5,8.80951768927881,Preprocessor1_Model098
1.9439683366733467,rsq,standard,0.7095826586206477,5,0.04576140538535531,Preprocessor1_Model098
1.9640082164328656,rmse,standard,28.879782165949916,5,8.8237496523396,Preprocessor1_Model099
1.9640082164328656,rsq,standard,0.7091386975435084,5,0.04584730441444398,Preprocessor1_Model099
1.9840480961923848,rmse,standard,28.926367170148396,5,8.838035487115645,Preprocessor1_Model100
1.9840480961923848,rsq,standard,0.7086889100987676,5,0.0459349108502279,Preprocessor1_Model100
2.004087975951904,rmse,standard,28.974059219679123,5,8.851934237456858,Preprocessor1_Model101
2.004087975951904,rsq,standard,0.7082441991460474,5,0.04601823927461733,Preprocessor1_Model101
2.024127855711423,rmse,standard,29.025103301937193,5,8.868019764984723,Preprocessor1_Model102
2.024127855711423,rsq,standard,0.7077947772652039,5,0.04610343455788127,Preprocessor1_Model102
2.044167735470942,rmse,standard,29.077813446402075,5,8.885213466260867,Preprocessor1_Model103
2.044167735470942,rsq,standard,0.7073397299311778,5,0.04619056150487008,Preprocessor1_Model103
2.064207615230461,rmse,standard,29.13051406227489,5,8.902503951050216,Preprocessor1_Model104
2.064207615230461,rsq,standard,0.7068813330120238,5,0.04628037796612623,Preprocessor1_Model104
2.08424749498998,rmse,standard,29.18320329552504,5,8.919890899346507,Preprocessor1_Model105
2.08424749498998,rsq,standard,0.7064195885151865,5,0.04637292499183023,Preprocessor1_Model105
2.1042873747494992,rmse,standard,29.236030936278667,5,8.937351350456064,Preprocessor1_Model106
2.1042873747494992,rsq,standard,0.7059518425717078,5,0.04646727053504047,Preprocessor1_Model106
2.1243272545090184,rmse,standard,29.289183405526174,5,8.954692255357791,Preprocessor1_Model107
2.1243272545090184,rsq,standard,0.7054785459743242,5,0.04656296655645696,Preprocessor1_Model107
2.144367134268537,rmse,standard,29.342593566499726,5,8.971976490799005,Preprocessor1_Model108
2.144367134268537,rsq,standard,0.7049995288981432,5,0.04666018678289579,Preprocessor1_Model108
2.1644070140280562,rmse,standard,29.396147461656028,5,8.98933462350812,Preprocessor1_Model109
2.1644070140280562,rsq,standard,0.7045141234204422,5,0.04675938523129722,Preprocessor1_Model109
2.1844468937875754,rmse,standard,29.449878124021467,5,9.00675116325287,Preprocessor1_Model110
2.1844468937875754,rsq,standard,0.7040226518829797,5,0.046860387035975545,Preprocessor1_Model110
2.2044867735470945,rmse,standard,29.50383209559183,5,9.02420464270622,Preprocessor1_Model111
2.2044867735470945,rsq,standard,0.7035255739860677,5,0.04696294077771607,Preprocessor1_Model111
2.2245266533066133,rmse,standard,29.55784639354862,5,9.041673752871937,Preprocessor1_Model112
2.2245266533066133,rsq,standard,0.7030215685377794,5,0.04706727605128196,Preprocessor1_Model112
2.2445665330661324,rmse,standard,29.611991496838375,5,9.05920727028252,Preprocessor1_Model113
2.2445665330661324,rsq,standard,0.7025109229081652,5,0.047173692150843854,Preprocessor1_Model113
2.2646064128256516,rmse,standard,29.666249255945967,5,9.076815537945954,Preprocessor1_Model114
2.2646064128256516,rsq,standard,0.7019936139449002,5,0.04728225154361399,Preprocessor1_Model114
2.2846462925851707,rmse,standard,29.720619323392444,5,9.09449806625899,Preprocessor1_Model115
2.2846462925851707,rsq,standard,0.7014695898494061,5,0.04739298732038014,Preprocessor1_Model115
2.3046861723446894,rmse,standard,29.775127598125685,5,9.11225047160032,Preprocessor1_Model116
2.3046861723446894,rsq,standard,0.7009388166748824,5,0.047505939333332144,Preprocessor1_Model116
2.3247260521042086,rmse,standard,29.82983735477917,5,9.130048180443591,Preprocessor1_Model117
2.3247260521042086,rsq,standard,0.7004068863207137,5,0.04761988767421635,Preprocessor1_Model117
2.3447659318637277,rmse,standard,29.88482065290961,5,9.147868170839567,Preprocessor1_Model118
2.3447659318637277,rsq,standard,0.6998794314827395,5,0.047733593605725974,Preprocessor1_Model118
2.364805811623247,rmse,standard,29.939940095856713,5,9.165757909898183,Preprocessor1_Model119
2.364805811623247,rsq,standard,0.6993454887527408,5,0.04784939680475956,Preprocessor1_Model119
2.3848456913827656,rmse,standard,29.995194956027692,5,9.18371697127205,Preprocessor1_Model120
2.3848456913827656,rsq,standard,0.6988050087179212,5,0.04796732579605113,Preprocessor1_Model120
2.4048855711422847,rmse,standard,30.0505866549916,5,9.201743980393386,Preprocessor1_Model121
2.4048855711422847,rsq,standard,0.6982578987320559,5,0.04808743348183864,Preprocessor1_Model121
2.424925450901804,rmse,standard,30.106194697260104,5,9.219896780515926,Preprocessor1_Model122
2.424925450901804,rsq,standard,0.697704131329787,5,0.0482097247935278,Preprocessor1_Model122
2.444965330661323,rmse,standard,30.162372583558202,5,9.238427836305194,Preprocessor1_Model123
2.444965330661323,rsq,standard,0.6971436352727052,5,0.048334184413620244,Preprocessor1_Model123
2.4650052104208418,rmse,standard,30.218684519583764,5,9.257029062966579,Preprocessor1_Model124
2.4650052104208418,rsq,standard,0.6965764047006565,5,0.048460875861489894,Preprocessor1_Model124
2.485045090180361,rmse,standard,30.27524892283655,5,9.275682403361207,Preprocessor1_Model125
2.485045090180361,rsq,standard,0.6960037572441381,5,0.04859032251570293,Preprocessor1_Model125
2.50508496993988,rmse,standard,30.332049591936457,5,9.294389727363429,Preprocessor1_Model126
2.50508496993988,rsq,standard,0.6954254726915615,5,0.048722490734872864,Preprocessor1_Model126
2.525124849699399,rmse,standard,30.388982593045263,5,9.313165861692966,Preprocessor1_Model127
2.525124849699399,rsq,standard,0.6948403194862635,5,0.04885698224233709,Preprocessor1_Model127
2.545164729458918,rmse,standard,30.446040546889513,5,9.332007610709372,Preprocessor1_Model128
2.545164729458918,rsq,standard,0.6942484492076766,5,0.048993766167452164,Preprocessor1_Model128
2.565204609218437,rmse,standard,30.502211074492465,5,9.350473132315345,Preprocessor1_Model129
2.565204609218437,rsq,standard,0.6936711757858385,5,0.04912619683294744,Preprocessor1_Model129
2.5852444889779562,rmse,standard,30.558514560114894,5,9.369011102181195,Preprocessor1_Model130
2.5852444889779562,rsq,standard,0.6930869889626575,5,0.04926113046900796,Preprocessor1_Model130
2.605284368737475,rmse,standard,30.614950315732155,5,9.387621053983189,Preprocessor1_Model131
2.605284368737475,rsq,standard,0.6924958398436003,5,0.049398599139896936,Preprocessor1_Model131
2.625324248496994,rmse,standard,30.671513512156622,5,9.406304345214997,Preprocessor1_Model132
2.625324248496994,rsq,standard,0.6918976556372927,5,0.0495386486067606,Preprocessor1_Model132
2.6453641282565132,rmse,standard,30.728146601063774,5,9.425085496730787,Preprocessor1_Model133
2.6453641282565132,rsq,standard,0.6912920535825522,5,0.04968150099856372,Preprocessor1_Model133
2.6654040080160324,rmse,standard,30.78551162616838,5,9.444373745698867,Preprocessor1_Model134
2.6654040080160324,rsq,standard,0.6906802661597539,5,0.04982772977993694,Preprocessor1_Model134
2.685443887775551,rmse,standard,30.844013914462753,5,9.464466153234445,Preprocessor1_Model135
2.685443887775551,rsq,standard,0.6900628362942002,5,0.0499778352593379,Preprocessor1_Model135
2.7054837675350702,rmse,standard,30.902651991786705,5,9.484637861220586,Preprocessor1_Model136
2.7054837675350702,rsq,standard,0.6894381487169617,5,0.05013060660001524,Preprocessor1_Model136
2.7255236472945894,rmse,standard,30.96143510940004,5,9.504886869514769,Preprocessor1_Model137
2.7255236472945894,rsq,standard,0.6888062422944109,5,0.05028610603782703,Preprocessor1_Model137
2.7455635270541086,rmse,standard,31.020362531664308,5,9.525212649028525,Preprocessor1_Model138
2.7455635270541086,rsq,standard,0.6881670852619838,5,0.050444370358795745,Preprocessor1_Model138
2.7656034068136273,rmse,standard,31.079423405708894,5,9.545616157771653,Preprocessor1_Model139
2.7656034068136273,rsq,standard,0.6875205475805329,5,0.05060540119044872,Preprocessor1_Model139
2.7856432865731464,rmse,standard,31.13861701053829,5,9.56609686716071,Preprocessor1_Model140
2.7856432865731464,rsq,standard,0.6868665821581611,5,0.05076922964621863,Preprocessor1_Model140
2.8056831663326656,rmse,standard,31.1978760198824,5,9.58664891335384,Preprocessor1_Model141
2.8056831663326656,rsq,standard,0.6862058770691101,5,0.05093568375861286,Preprocessor1_Model141
2.8257230460921847,rmse,standard,31.257230958176947,5,9.607273800810907,Preprocessor1_Model142
2.8257230460921847,rsq,standard,0.6855380664660676,5,0.051104887884911375,Preprocessor1_Model142
2.8457629258517034,rmse,standard,31.316719247975918,5,9.62797593257305,Preprocessor1_Model143
2.8457629258517034,rsq,standard,0.6848626667123366,5,0.051276994115947404,Preprocessor1_Model143
2.8658028056112226,rmse,standard,31.376340187284573,5,9.648754765513363,Preprocessor1_Model144
2.8658028056112226,rsq,standard,0.684179632238554,5,0.051452032444809705,Preprocessor1_Model144
2.8858426853707417,rmse,standard,31.43590290818899,5,9.669692674332701,Preprocessor1_Model145
2.8858426853707417,rsq,standard,0.6835016835944647,5,0.05162265445649779,Preprocessor1_Model145
2.905882565130261,rmse,standard,31.495146034935477,5,9.690902559952233,Preprocessor1_Model146
2.905882565130261,rsq,standard,0.6828465043764446,5,0.05177861463559639,Preprocessor1_Model146
2.9259224448897796,rmse,standard,31.554941131660655,5,9.71250201816309,Preprocessor1_Model147
2.9259224448897796,rsq,standard,0.68218458571106,5,0.051937754422931706,Preprocessor1_Model147
2.9459623246492987,rmse,standard,31.615396523004755,5,9.734573340027374,Preprocessor1_Model148
2.9459623246492987,rsq,standard,0.6815160358048716,5,0.052100225359648596,Preprocessor1_Model148
2.966002204408818,rmse,standard,31.67598230449544,5,9.7567233431592,Preprocessor1_Model149
2.966002204408818,rsq,standard,0.6808400826400388,5,0.05226548051903629,Preprocessor1_Model149
2.986042084168337,rmse,standard,31.736952246498333,5,9.778914276499123,Preprocessor1_Model150
2.986042084168337,rsq,standard,0.6801564563817023,5,0.05243347052033926,Preprocessor1_Model150
3.0060819639278558,rmse,standard,31.798687832198855,5,9.801089853823278,Preprocessor1_Model151
3.0060819639278558,rsq,standard,0.679464826060954,5,0.05260412486765615,Preprocessor1_Model151
3.026121843687375,rmse,standard,31.860552068547854,5,9.823342504266224,Preprocessor1_Model152
3.026121843687375,rsq,standard,0.6787657403842037,5,0.052777680714894644,Preprocessor1_Model152
3.046161723446894,rmse,standard,31.92254427556374,5,9.84567165014128,Preprocessor1_Model153
3.046161723446894,rsq,standard,0.678059156229465,5,0.052954167171847144,Preprocessor1_Model153
3.066201603206413,rmse,standard,31.98466767920902,5,9.868076578227456,Preprocessor1_Model154
3.066201603206413,rsq,standard,0.6773451894452215,5,0.05313355459969857,Preprocessor1_Model154
3.086241482965932,rmse,standard,32.04699616871963,5,9.890569851989936,Preprocessor1_Model155
3.086241482965932,rsq,standard,0.6766245386268619,5,0.053315464953471906,Preprocessor1_Model155
3.106281362725451,rmse,standard,32.10944995719095,5,9.913137830682661,Preprocessor1_Model156
3.106281362725451,rsq,standard,0.6758963566199878,5,0.05350033461790224,Preprocessor1_Model156
3.1263212424849702,rmse,standard,32.17202838485533,5,9.935779948638132,Preprocessor1_Model157
3.1263212424849702,rsq,standard,0.6751606007778194,5,0.05368819112678342,Preprocessor1_Model157
3.1463611222444894,rmse,standard,32.23473079650754,5,9.958495642948838,Preprocessor1_Model158
3.1463611222444894,rsq,standard,0.6744172288227227,5,0.053879061771455766,Preprocessor1_Model158
3.166401002004008,rmse,standard,32.29765891001773,5,9.98124004925353,Preprocessor1_Model159
3.166401002004008,rsq,standard,0.6736713610901093,5,0.05406997727850248,Preprocessor1_Model159
3.1864408817635272,rmse,standard,32.36096667878956,5,10.003945811948531,Preprocessor1_Model160
3.1864408817635272,rsq,standard,0.6729307083477152,5,0.05425646424574223,Preprocessor1_Model160
3.2064807615230464,rmse,standard,32.42468317125882,5,10.026939848216664,Preprocessor1_Model161
3.2064807615230464,rsq,standard,0.6721834707089642,5,0.054446945431147475,Preprocessor1_Model161
3.226520641282565,rmse,standard,32.48937286574974,5,10.050653514854996,Preprocessor1_Model162
3.226520641282565,rsq,standard,0.6714318449872503,5,0.05464323156072651,Preprocessor1_Model162
3.2465605210420843,rmse,standard,32.554189741627944,5,10.07444385414027,Preprocessor1_Model163
3.2465605210420843,rsq,standard,0.6706723757023159,5,0.054842650897681505,Preprocessor1_Model163
3.2666004008016034,rmse,standard,32.61913310211913,5,10.098310274608556,Preprocessor1_Model164
3.2666004008016034,rsq,standard,0.6699050149540542,5,0.05504523330231928,Preprocessor1_Model164
3.2866402805611226,rmse,standard,32.68427362789563,5,10.122241898143216,Preprocessor1_Model165
3.2866402805611226,rsq,standard,0.6691294091061659,5,0.055250904051975414,Preprocessor1_Model165
3.3066801603206413,rmse,standard,32.74955884222211,5,10.146245622266758,Preprocessor1_Model166
3.3066801603206413,rsq,standard,0.6683457271312998,5,0.05545976660907562,Preprocessor1_Model166
3.3267200400801604,rmse,standard,32.814968605409334,5,10.170323671639471,Preprocessor1_Model167
3.3267200400801604,rsq,standard,0.6675540048605911,5,0.05567187818669956,Preprocessor1_Model167
3.3467599198396796,rmse,standard,32.880502239409346,5,10.194475467004958,Preprocessor1_Model168
3.3467599198396796,rsq,standard,0.666754195787709,5,0.05588726740403578,Preprocessor1_Model168
3.3667997995991987,rmse,standard,32.94586148198589,5,10.218850532053425,Preprocessor1_Model169
3.3667997995991987,rsq,standard,0.665982206902038,5,0.05609244392736059,Preprocessor1_Model169
3.3868396793587174,rmse,standard,33.00989727363011,5,10.243985254859785,Preprocessor1_Model170
3.3868396793587174,rsq,standard,0.6653726576931459,5,0.05623666311186398,Preprocessor1_Model170
3.4068795591182366,rmse,standard,33.074052543845305,5,10.269193779847585,Preprocessor1_Model171
3.4068795591182366,rsq,standard,0.6647567643966007,5,0.05638298631076495,Preprocessor1_Model171
3.4269194388777557,rmse,standard,33.138326675366706,5,10.29447550315538,Preprocessor1_Model172
3.4269194388777557,rsq,standard,0.664134481681214,5,0.05653143523253874,Preprocessor1_Model172
3.446959318637275,rmse,standard,33.20271905525994,5,10.319829824603957,Preprocessor1_Model173
3.446959318637275,rsq,standard,0.6635057642304792,5,0.056682031573769096,Preprocessor1_Model173
3.4669991983967936,rmse,standard,33.267229074877974,5,10.345256147712199,Preprocessor1_Model174
3.4669991983967936,rsq,standard,0.6628705667533309,5,0.056834797009543546,Preprocessor1_Model174
3.4870390781563128,rmse,standard,33.3309149221164,5,10.371156809259347,Preprocessor1_Model175
3.4870390781563128,rsq,standard,0.6623358270132231,5,0.05692682823331324,Preprocessor1_Model175
3.507078957915832,rmse,standard,33.39462013386786,5,10.397169243273277,Preprocessor1_Model176
3.507078957915832,rsq,standard,0.661806625838741,5,0.057013744612695094,Preprocessor1_Model176
3.527118837675351,rmse,standard,33.45869212572637,5,10.42344958246608,Preprocessor1_Model177
3.527118837675351,rsq,standard,0.6612732388016014,5,0.05710269961371516,Preprocessor1_Model177
3.5471587174348698,rmse,standard,33.522998775901115,5,10.449895310001725,Preprocessor1_Model178
3.5471587174348698,rsq,standard,0.6607351083627071,5,0.057193298601444884,Preprocessor1_Model178
3.567198597194389,rmse,standard,33.587418253886156,5,10.476411378726525,Preprocessor1_Model179
3.567198597194389,rsq,standard,0.660191695631214,5,0.057285161165829025,Preprocessor1_Model179
3.587238476953908,rmse,standard,33.6519499953522,5,10.502997188902004,Preprocessor1_Model180
3.587238476953908,rsq,standard,0.6596429597469247,5,0.05737830208548722,Preprocessor1_Model180
3.6072783567134272,rmse,standard,33.71596285221204,5,10.529741582922394,Preprocessor1_Model181
3.6072783567134272,rsq,standard,0.6591248237016042,5,0.05748432995978995,Preprocessor1_Model181
3.627318236472946,rmse,standard,33.77999392235786,5,10.5565675382903,Preprocessor1_Model182
3.627318236472946,rsq,standard,0.6586069449110686,5,0.05759340728144355,Preprocessor1_Model182
3.647358116232465,rmse,standard,33.84413520648834,5,10.583461331350255,Preprocessor1_Model183
3.647358116232465,rsq,standard,0.6580840310188502,5,0.05770384873225201,Preprocessor1_Model183
3.6673979959919842,rmse,standard,33.9083861608889,5,10.610422380969167,Preprocessor1_Model184
3.6673979959919842,rsq,standard,0.6575560430882417,5,0.05781566835234677,Preprocessor1_Model184
3.6874378757515034,rmse,standard,33.97274624546031,5,10.637450110169194,Preprocessor1_Model185
3.6874378757515034,rsq,standard,0.6570229420108847,5,0.057928880261123264,Preprocessor1_Model185
3.707477755511022,rmse,standard,34.0366119419522,5,10.664984092902097,Preprocessor1_Model186
3.707477755511022,rsq,standard,0.6565714672062097,5,0.05800956576045547,Preprocessor1_Model186
3.7275176352705413,rmse,standard,34.10045677681902,5,10.692688357132935,Preprocessor1_Model187
3.7275176352705413,rsq,standard,0.6561354924065994,5,0.05808351679278341,Preprocessor1_Model187
3.7475575150300604,rmse,standard,34.16440766172001,5,10.720456900738627,Preprocessor1_Model188
3.7475575150300604,rsq,standard,0.65569522412221,5,0.05815851114401563,Preprocessor1_Model188
3.7675973947895796,rmse,standard,34.22846408329034,5,10.748289160987165,Preprocessor1_Model189
3.7675973947895796,rsq,standard,0.6552506265852424,5,0.05823456118623286,Preprocessor1_Model189
3.7876372745490983,rmse,standard,34.2926255315425,5,10.776184579410204,Preprocessor1_Model190
3.7876372745490983,rsq,standard,0.6548016637965938,5,0.05831167939214004,Preprocessor1_Model190
3.8076771543086174,rmse,standard,34.35685661060512,5,10.804157374347886,Preprocessor1_Model191
3.8076771543086174,rsq,standard,0.6543531354547879,5,0.058386992701137196,Preprocessor1_Model191
3.8277170340681366,rmse,standard,34.4201230851194,5,10.832644369449769,Preprocessor1_Model192
3.8277170340681366,rsq,standard,0.6540489476946993,5,0.05837456948450357,Preprocessor1_Model192
3.8477569138276553,rmse,standard,34.483493815064676,5,10.861191936880246,Preprocessor1_Model193
3.8477569138276553,rsq,standard,0.6537414653156747,5,0.05836244448415414,Preprocessor1_Model193
3.8677967935871744,rmse,standard,34.54701408926627,5,10.889836030302739,Preprocessor1_Model194
3.8677967935871744,rsq,standard,0.6534338249775024,5,0.058353150624367155,Preprocessor1_Model194
3.8878366733466936,rmse,standard,34.61067201010998,5,10.918567131348027,Preprocessor1_Model195
3.8878366733466936,rsq,standard,0.6531251111938651,5,0.05834599568866618,Preprocessor1_Model195
3.9078765531062127,rmse,standard,34.67443453145901,5,10.947358780104729,Preprocessor1_Model196
3.9078765531062127,rsq,standard,0.6528130152851266,5,0.05833917229339715,Preprocessor1_Model196
3.9279164328657314,rmse,standard,34.73830115658447,5,10.97621043739587,Preprocessor1_Model197
3.9279164328657314,rsq,standard,0.65249750541456,5,0.05833268758963245,Preprocessor1_Model197
3.9479563126252506,rmse,standard,34.801533465279384,5,11.0052248197836,Preprocessor1_Model198
3.9479563126252506,rsq,standard,0.6522149090776429,5,0.058337638291118425,Preprocessor1_Model198
3.9679961923847697,rmse,standard,34.86379283698493,5,11.034448587938785,Preprocessor1_Model199
3.9679961923847697,rsq,standard,0.6519822949351596,5,0.058359170059022254,Preprocessor1_Model199
3.988036072144289,rmse,standard,34.92615520757549,5,11.063730554920223,Preprocessor1_Model200
3.988036072144289,rsq,standard,0.6517467812094718,5,0.058381137370389524,Preprocessor1_Model200
4.008075951903807,rmse,standard,34.988620098112236,5,11.093070203232129,Preprocessor1_Model201
4.008075951903807,rsq,standard,0.6515083389141435,5,0.05840354686487841,Preprocessor1_Model201
4.028115831663326,rmse,standard,35.05118703259093,5,11.122467019603109,Preprocessor1_Model202
4.028115831663326,rsq,standard,0.6512669387628752,5,0.058426405279393696,Preprocessor1_Model202
4.0481557114228455,rmse,standard,35.113855537913835,5,11.151920494969485,Preprocessor1_Model203
4.0481557114228455,rsq,standard,0.6510225511668077,5,0.05844971944939178,Preprocessor1_Model203
4.068195591182365,rmse,standard,35.17632019708044,5,11.181377251836805,Preprocessor1_Model204
4.068195591182365,rsq,standard,0.6508207798032624,5,0.05845712219158464,Preprocessor1_Model204
4.088235470941884,rmse,standard,35.23880924402136,5,11.210874101233049,Preprocessor1_Model205
4.088235470941884,rsq,standard,0.6506247742748731,5,0.05846190362796924,Preprocessor1_Model205
4.108275350701403,rmse,standard,35.301400055133854,5,11.240427626565303,Preprocessor1_Model206
4.108275350701403,rsq,standard,0.6504262077352819,5,0.058466915398048595,Preprocessor1_Model206
4.128315230460921,rmse,standard,35.36409217026299,5,11.27003731906796,Preprocessor1_Model207
4.128315230460921,rsq,standard,0.6502250540420513,5,0.058472161795832554,Preprocessor1_Model207
4.14835511022044,rmse,standard,35.42688513196125,5,11.299702674213181,Preprocessor1_Model208
4.14835511022044,rsq,standard,0.6500212867619272,5,0.05847764719017288,Preprocessor1_Model208
4.1683949899799595,rmse,standard,35.489778485462814,5,11.329423191691934,Preprocessor1_Model209
4.1683949899799595,rsq,standard,0.6498148791676428,5,0.05848337602606164,Preprocessor1_Model209
4.188434869739479,rmse,standard,35.552495745497836,5,11.359313815467031,Preprocessor1_Model210
4.188434869739479,rsq,standard,0.649618015066612,5,0.05848214299474917,Preprocessor1_Model210
4.208474749498998,rmse,standard,35.61504536987555,5,11.389370106350313,Preprocessor1_Model211
4.208474749498998,rsq,standard,0.6494306826364022,5,0.05847394864083223,Preprocessor1_Model211
4.228514629258517,rmse,standard,35.67769230212098,5,11.419480514887052,Preprocessor1_Model212
4.228514629258517,rsq,standard,0.6492412547990108,5,0.05846564833272497,Preprocessor1_Model212
4.248554509018036,rmse,standard,35.73867260776716,5,11.44820900544836,Preprocessor1_Model213
4.248554509018036,rsq,standard,0.6490600896908918,5,0.05846554493532926,Preprocessor1_Model213
4.268594388777555,rmse,standard,35.799360584166124,5,11.476671076773735,Preprocessor1_Model214
4.268594388777555,rsq,standard,0.648879255758641,5,0.05846731079860143,Preprocessor1_Model214
4.2886342685370735,rmse,standard,35.860141091816786,5,11.505179612348432,Preprocessor1_Model215
4.2886342685370735,rsq,standard,0.6486964856883995,5,0.05846914815620917,Preprocessor1_Model215
4.308674148296593,rmse,standard,35.92101374556022,5,11.53373420179968,Preprocessor1_Model216
4.308674148296593,rsq,standard,0.6485117616337364,5,0.05847105895374258,Preprocessor1_Model216
4.328714028056112,rmse,standard,35.981864446394326,5,11.562350397668954,Preprocessor1_Model217
4.328714028056112,rsq,standard,0.6483286089980901,5,0.05847412380047243,Preprocessor1_Model217
4.348753907815631,rmse,standard,36.04244377318984,5,11.591062757682788,Preprocessor1_Model218
4.348753907815631,rsq,standard,0.6481548043793716,5,0.05848071603614484,Preprocessor1_Model218
4.36879378757515,rmse,standard,36.10311412565738,5,11.61981997419698,Preprocessor1_Model219
4.36879378757515,rsq,standard,0.647979046525798,5,0.05848740231028385,Preprocessor1_Model219
4.388833667334669,rmse,standard,36.16387512784206,5,11.648621651218953,Preprocessor1_Model220
4.388833667334669,rsq,standard,0.647801317159468,5,0.05849418474656234,Preprocessor1_Model220
4.408873547094188,rmse,standard,36.22472640562206,5,11.677467396157445,Preprocessor1_Model221
4.408873547094188,rsq,standard,0.64762159779980355,5,0.058501065516596916,Preprocessor1_Model221
4.428913426853708,rmse,standard,36.285667586693954,5,11.706356819802085,Preprocessor1_Model222
4.428913426853708,rsq,standard,0.6474398697610493,5,0.05850804684097651,Preprocessor1_Model222
4.448953306613226,rmse,standard,36.346595019075174,5,11.735287469451587,Preprocessor1_Model223
4.448953306613226,rsq,standard,0.6472633834804471,5,0.058512686183400414,Preprocessor1_Model223
4.468993186372745,rmse,standard,36.40649892200123,5,11.76410748268989,Preprocessor1_Model224
4.468993186372745,rsq,standard,0.647139573564267,5,0.058501439374671504,Preprocessor1_Model224
4.489033066132264,rmse,standard,36.466493078314706,5,11.792972955627768,Preprocessor1_Model225
4.489033066132264,rsq,standard,0.647014307167366,5,0.058490065935172676,Preprocessor1_Model225
4.509072945891783,rmse,standard,36.52657713509237,5,11.821883484363036,Preprocessor1_Model226
4.509072945891783,rsq,standard,0.6468875709141825,5,0.05847856538322282,Preprocessor1_Model226
4.5291128256513025,rmse,standard,36.58675074103389,5,11.850838668441776,Preprocessor1_Model227
4.5291128256513025,rsq,standard,0.6467593512780693,5,0.058466937252658856,Preprocessor1_Model227
4.549152705410822,rmse,standard,36.64701354644848,5,11.879838110838186,Preprocessor1_Model228
4.549152705410822,rsq,standard,0.6466296345791783,5,0.058455181093416894,Preprocessor1_Model228
4.569192585170341,rmse,standard,36.70736520324167,5,11.908881417934294,Preprocessor1_Model229
4.569192585170341,rsq,standard,0.646498406982383,5,0.05844329647216465,Preprocessor1_Model229
4.589232464929859,rmse,standard,36.767775156455826,5,11.93798068482996,Preprocessor1_Model230
4.589232464929859,rsq,standard,0.6463676600346117,5,0.05843010605865225,Preprocessor1_Model230
4.609272344689378,rmse,standard,36.82813696237013,5,11.967179327184237,Preprocessor1_Model231
4.609272344689378,rsq,standard,0.6462445010137317,5,0.058411429866230255,Preprocessor1_Model231
4.629312224448897,rmse,standard,36.888586645969504,5,11.996420566173434,Preprocessor1_Model232
4.629312224448897,rsq,standard,0.6461199170525033,5,0.058392547783241704,Preprocessor1_Model232
4.6493521042084165,rmse,standard,36.94859997179757,5,12.02527000389009,Preprocessor1_Model233
4.6493521042084165,rsq,standard,0.6459990426024557,5,0.058377582880324165,Preprocessor1_Model233
4.669391983967936,rmse,standard,37.00695020197394,5,12.052709444008196,Preprocessor1_Model234
4.669391983967936,rsq,standard,0.6458940155202458,5,0.058376274141095745,Preprocessor1_Model234
4.689431863727455,rmse,standard,37.06538721573526,5,12.080187363030431,Preprocessor1_Model235
4.689431863727455,rsq,standard,0.6457876913116941,5,0.05837489593393561,Preprocessor1_Model235
4.709471743486974,rmse,standard,37.12391068681142,5,12.10770343493417,Preprocessor1_Model236
4.709471743486974,rsq,standard,0.6456800581581442,5,0.05837344834055372,Preprocessor1_Model236
4.729511623246493,rmse,standard,37.18252029022973,5,12.135257336408362,Preprocessor1_Model237
4.729511623246493,rsq,standard,0.645571104106665,5,0.058371931465051874,Preprocessor1_Model237
4.749551503006011,rmse,standard,37.241856486044405,5,12.162758609532174,Preprocessor1_Model238
4.749551503006011,rsq,standard,0.6454605408516982,5,0.05837026231040793,Preprocessor1_Model238
4.7695913827655305,rmse,standard,37.303816467192284,5,12.189940526909995,Preprocessor1_Model239
4.7695913827655305,rsq,standard,0.645347594159463,5,0.058368212382767244,Preprocessor1_Model239
4.78963126252505,rmse,standard,37.36586530632936,5,12.217159640963322,Preprocessor1_Model240
4.78963126252505,rsq,standard,0.6452333812737221,5,0.05836612217712683,Preprocessor1_Model240
4.809671142284569,rmse,standard,37.42800265172178,5,12.244415634702042,Preprocessor1_Model241
4.809671142284569,rsq,standard,0.6451178895225365,5,0.0583639917470724,Preprocessor1_Model241
4.829711022044088,rmse,standard,37.49022815316873,5,12.271708193747898,Preprocessor1_Model242
4.829711022044088,rsq,standard,0.6450011060667938,5,0.0583618211630241,Preprocessor1_Model242
4.849750901803607,rmse,standard,37.55254146199242,5,12.299037006319232,Preprocessor1_Model243
4.849750901803607,rsq,standard,0.6448830178975086,5,0.05835961051282271,Preprocessor1_Model243
4.869790781563126,rmse,standard,37.614942231028174,5,12.326401763215632,Preprocessor1_Model244
4.869790781563126,rsq,standard,0.6447636118330657,5,0.05835735990235583,Preprocessor1_Model244
4.889830661322645,rmse,standard,37.67746303415733,5,12.353831218667969,Preprocessor1_Model245
4.889830661322645,rsq,standard,0.6446489603508678,5,0.05835244588295105,Preprocessor1_Model245
4.909870541082164,rmse,standard,37.740123557786,5,12.381328730118417,Preprocessor1_Model246
4.909870541082164,rsq,standard,0.6445385393901566,5,0.058345007592684475,Preprocessor1_Model246
4.929910420841683,rmse,standard,37.802871315437024,5,12.408860872320052,Preprocessor1_Model247
4.929910420841683,rsq,standard,0.6444268660772763,5,0.05833748804250635,Preprocessor1_Model247
4.949950300601202,rmse,standard,37.86570596259824,5,12.436427347407461,Preprocessor1_Model248
4.949950300601202,rsq,standard,0.6443139276896545,5,0.058329887012916,Preprocessor1_Model248
4.969990180360721,rmse,standard,37.92862715621952,5,12.464027860034008,Preprocessor1_Model249
4.969990180360721,rsq,standard,0.6441997113334025,5,0.05832220430077736,Preprocessor1_Model249
4.99003006012024,rmse,standard,37.991634554703836,5,12.49166211735571,Preprocessor1_Model250
4.99003006012024,rsq,standard,0.644084203940469,5,0.05831443971999272,Preprocessor1_Model250
5.0100699398797595,rmse,standard,38.054727817898424,5,12.51932982901505,Preprocessor1_Model251
5.0100699398797595,rsq,standard,0.6439673922657756,5,0.05830659310219301,Preprocessor1_Model251
5.030109819639279,rmse,standard,38.11790660708605,5,12.547030707124758,Preprocessor1_Model252
5.030109819639279,rsq,standard,0.6438492628842599,5,0.05829866429745666,Preprocessor1_Model252
5.050149699398798,rmse,standard,38.18117058552368,5,12.574764466027476,Preprocessor1_Model253
5.050149699398798,rsq,standard,0.6437298022041879,5,0.05829065316549468,Preprocessor1_Model253
5.070189579158316,rmse,standard,38.244519416874866,5,12.602530822918077,Preprocessor1_Model254
5.070189579158316,rsq,standard,0.6436089964178563,5,0.058282559603497604,Preprocessor1_Model254
5.090229458917835,rmse,standard,38.30795276659694,5,12.630329497255609,Preprocessor1_Model255
5.090229458917835,rsq,standard,0.6434868315396551,5,0.05827438352279912,Preprocessor1_Model255
5.110269338677354,rmse,standard,38.3714363801764,5,12.658131689141653,Preprocessor1_Model256
5.110269338677354,rsq,standard,0.6433641980733961,5,0.05826685531966551,Preprocessor1_Model256
5.1303092184368735,rmse,standard,38.43498391177171,5,12.685948840529832,Preprocessor1_Model257
5.1303092184368735,rsq,standard,0.6432407254870028,5,0.05825968811817423,Preprocessor1_Model257
5.150349098196393,rmse,standard,38.49861467769199,5,12.713797187994526,Preprocessor1_Model258
5.150349098196393,rsq,standard,0.6431158793636039,5,0.05825246235859563,Preprocessor1_Model258
5.170388977955912,rmse,standard,38.56232835114888,5,12.741676462493796,Preprocessor1_Model259
5.170388977955912,rsq,standard,0.6429896452597157,5,0.05824517834868978,Preprocessor1_Model259
5.190428857715431,rmse,standard,38.62612460670502,5,12.769586397313322,Preprocessor1_Model260
5.190428857715431,rsq,standard,0.6428620085300305,5,0.05823783642546335,Preprocessor1_Model260
5.210468737474949,rmse,standard,38.69004253556205,5,12.797521406109228,Preprocessor1_Model261
5.210468737474949,rsq,standard,0.6427349855772105,5,0.0582310245164272,Preprocessor1_Model261
5.230508617234468,rmse,standard,38.75435013314583,5,12.8254450908226,Preprocessor1_Model262
5.230508617234468,rsq,standard,0.6426225080968183,5,0.05822876819359589,Preprocessor1_Model262
5.2505484969939875,rmse,standard,38.81874008641999,5,12.853398715642452,Preprocessor1_Model263
5.2505484969939875,rsq,standard,0.642508837127147,5,0.05822651202202129,Preprocessor1_Model263
5.270588376753507,rmse,standard,38.883212069469224,5,12.881382022847674,Preprocessor1_Model264
5.270588376753507,rsq,standard,0.6423939600963651,5,0.05822425670283354,Preprocessor1_Model264
5.290628256513026,rmse,standard,38.94776575774186,5,12.909394756953,Preprocessor1_Model265
5.290628256513026,rsq,standard,0.6422778642455049,5,0.058222002963729376,Preprocessor1_Model265
5.310668136272545,rmse,standard,39.0124008280423,5,12.93743666469307,Preprocessor1_Model266
5.310668136272545,rsq,standard,0.6421605366249813,5,0.058219751559766865,Preprocessor1_Model266
5.330708016032064,rmse,standard,39.07711695852346,5,12.965507495006438,Preprocessor1_Model267
5.330708016032064,rsq,standard,0.6420419640909867,5,0.0582175032741861,Preprocessor1_Model267
5.350747895791583,rmse,standard,39.1419138286794,5,12.99360699901966,Preprocessor1_Model268
5.350747895791583,rsq,standard,0.6419221333018651,5,0.05821525891925306,Preprocessor1_Model268
5.3707877755511015,rmse,standard,39.20679920201995,5,13.021734774013924,Preprocessor1_Model269
5.3707877755511015,rsq,standard,0.641800848872277,5,0.058213014129217366,Preprocessor1_Model269
5.390827655310621,rmse,standard,39.27176825176201,5,13.049890947412653,Preprocessor1_Model270
5.390827655310621,rsq,standard,0.641678171227014,5,0.05821077957833717,Preprocessor1_Model270
5.41086753507014,rmse,standard,39.336817441081145,5,13.078075117302683,Preprocessor1_Model271
5.41086753507014,rsq,standard,0.6415541849900258,5,0.058208552232870435,Preprocessor1_Model271
5.430907414829659,rmse,standard,39.40194645371209,5,13.106287042458723,Preprocessor1_Model272
5.430907414829659,rsq,standard,0.6414288760345839,5,0.05820633302008256,Preprocessor1_Model272
5.450947294589178,rmse,standard,39.46715497469079,5,13.13452648377702,Preprocessor1_Model273
5.450947294589178,rsq,standard,0.6413022300173485,5,0.05820412290061017,Preprocessor1_Model273
5.470987174348697,rmse,standard,39.53244269034754,5,13.162793204259467,Preprocessor1_Model274
5.470987174348697,rsq,standard,0.6411742323742075,5,0.05820192286945512,Preprocessor1_Model274
5.4910270541082165,rmse,standard,39.59780928830023,5,13.191086968997777,Preprocessor1_Model275
5.4910270541082165,rsq,standard,0.6410448683160279,5,0.058199733957029806,Preprocessor1_Model275
5.511066933867736,rmse,standard,39.66325445744776,5,13.219407545157695,Preprocessor1_Model276
5.511066933867736,rsq,standard,0.6409141228242897,5,0.058197557230221894,Preprocessor1_Model276
5.531106813627254,rmse,standard,39.7287779101196,5,13.247754692954313,Preprocessor1_Model277
5.531106813627254,rsq,standard,0.6407819814129592,5,0.05819539334525617,Preprocessor1_Model277
5.551146693386773,rmse,standard,39.79437935094431,5,13.2761281783008,Preprocessor1_Model278
5.551146693386773,rsq,standard,0.6406484290653692,5,0.05819324316800656,Preprocessor1_Model278
5.571186573146292,rmse,standard,39.860058437454,5,13.30452778879502,Preprocessor1_Model279
5.571186573146292,rsq,standard,0.6405134488396648,5,0.05819110858815403,Preprocessor1_Model279
5.591226452905811,rmse,standard,39.92581486360512,5,13.332953299742115,Preprocessor1_Model280
5.591226452905811,rsq,standard,0.6403770247547516,5,0.058188990829556746,Preprocessor1_Model280
5.6112663326653305,rmse,standard,39.989116911073005,5,13.359249024143345,Preprocessor1_Model281
5.6112663326653305,rsq,standard,0.6402487095601664,5,0.05819467124673038,Preprocessor1_Model281
5.63130621242485,rmse,standard,40.051980783958065,5,13.385129811962077,Preprocessor1_Model282
5.63130621242485,rsq,standard,0.6401210186339096,5,0.0582020844097895,Preprocessor1_Model282
5.651346092184369,rmse,standard,40.11491844412427,5,13.411031473203929,Preprocessor1_Model283
5.651346092184369,rsq,standard,0.6399920148830165,5,0.05820967100400641,Preprocessor1_Model283
5.671385971943888,rmse,standard,40.17792961429491,5,13.436953835220597,Preprocessor1_Model284
5.671385971943888,rsq,standard,0.6398616831968623,5,0.05821743418486224,Preprocessor1_Model284
5.691425851703406,rmse,standard,40.24101401817399,5,13.462896726860603,Preprocessor1_Model285
5.691425851703406,rsq,standard,0.6397300082129167,5,0.05822537717723384,Preprocessor1_Model285
5.711465731462925,rmse,standard,40.30417138044303,5,13.48885997845792,Preprocessor1_Model286
5.711465731462925,rsq,standard,0.6395969743115674,5,0.05823350327715283,Preprocessor1_Model286
5.7315056112224445,rmse,standard,40.36740143065558,5,13.514843421319219,Preprocessor1_Model287
5.7315056112224445,rsq,standard,0.639462567196338,5,0.058241816296952055,Preprocessor1_Model287
5.751545490981964,rmse,standard,40.43070389272402,5,13.54084688906706,Preprocessor1_Model288
5.751545490981964,rsq,standard,0.6393267696160866,5,0.05825031937062438,Preprocessor1_Model288
5.771585370741483,rmse,standard,40.49407849311513,5,13.56687021656965,Preprocessor1_Model289
5.771585370741483,rsq,standard,0.6391895646893061,5,0.0582590158901624,Preprocessor1_Model289
5.791625250501002,rmse,standard,40.55752496038872,5,13.59291323999033,Preprocessor1_Model290
5.791625250501002,rsq,standard,0.6390509357138544,5,0.05826790945462265,Preprocessor1_Model290
5.811665130260521,rmse,standard,40.621043024066466,5,13.618975796921779,Preprocessor1_Model291
5.811665130260521,rsq,standard,0.6389108657026119,5,0.05827700374369813,Preprocessor1_Model291
5.831705010020039,rmse,standard,40.684632414628986,5,13.645057726375017,Preprocessor1_Model292
5.831705010020039,rsq,standard,0.6387693373774816,5,0.058286302519770024,Preprocessor1_Model292
5.8517448897795585,rmse,standard,40.748292863512816,5,13.671158868768323,Preprocessor1_Model293
5.8517448897795585,rsq,standard,0.6386263331632634,5,0.05829580963004702,Preprocessor1_Model293
5.871784769539078,rmse,standard,40.812024103107355,5,13.697279065916234,Preprocessor1_Model294
5.871784769539078,rsq,standard,0.6384818351813677,5,0.05830552900874192,Preprocessor1_Model294
5.891824649298597,rmse,standard,40.873980798222064,5,13.72302186183562,Preprocessor1_Model295
5.891824649298597,rsq,standard,0.6383668589876995,5,0.05831174073008595,Preprocessor1_Model295
5.911864529058116,rmse,standard,40.934880028580466,5,13.748544585228457,Preprocessor1_Model296
5.911864529058116,rsq,standard,0.6382694250167864,5,0.058315909566314605,Preprocessor1_Model296
5.931904408817635,rmse,standard,40.995842998622614,5,13.774089120551805,Preprocessor1_Model297
5.931904408817635,rsq,standard,0.6381706462067694,5,0.05832031623288904,Preprocessor1_Model297
5.951944288577154,rmse,standard,41.056869489196615,5,13.799655298495304,Preprocessor1_Model298
5.951944288577154,rsq,standard,0.6380705035283458,5,0.05832496574646895,Preprocessor1_Model298
5.9719841683366734,rmse,standard,41.11795928197211,5,13.825242951035962,Preprocessor1_Model299
5.9719841683366734,rsq,standard,0.6379689776117029,5,0.058329863243906516,Preprocessor1_Model299
5.992024048096192,rmse,standard,41.17911215943581,5,13.850851911430142,Preprocessor1_Model300
5.992024048096192,rsq,standard,0.6378660487392209,5,0.058335013985399274,Preprocessor1_Model300
6.012063927855711,rmse,standard,41.24032790488717,5,13.87648201420557,Preprocessor1_Model301
6.012063927855711,rsq,standard,0.6377616968380205,5,0.05834042335773565,Preprocessor1_Model301
6.03210380761523,rmse,standard,41.301606302434,5,13.902133095153346,Preprocessor1_Model302
6.03210380761523,rsq,standard,0.6376559014722891,5,0.05834609687762046,Preprocessor1_Model302
6.052143687374749,rmse,standard,41.362947136988254,5,13.92780499131999,Preprocessor1_Model303
6.052143687374749,rsq,standard,0.6375486418354757,5,0.05835204019511762,Preprocessor1_Model303
6.072183567134268,rmse,standard,41.4243528843993,5,13.953496454163373,Preprocessor1_Model304
6.072183567134268,rsq,standard,0.6374400085207019,5,0.058358193508412676,Preprocessor1_Model304
6.0922234468937875,rmse,standard,41.4858231987592,5,13.979207377588107,Preprocessor1_Model305
6.0922234468937875,rsq,standard,0.6373299768053904,5,0.0583645645095639,Preprocessor1_Model305
6.112263326653307,rmse,standard,41.54735532338652,5,14.004938630425844,Preprocessor1_Model306
6.112263326653307,rsq,standard,0.637218419822791,5,0.05837122079213505,Preprocessor1_Model306
6.132303206412826,rmse,standard,41.60894904628807,5,14.030690054695183,Preprocessor1_Model307
6.132303206412826,rsq,standard,0.6371053152591352,5,0.058378168537866516,Preprocessor1_Model307
6.152343086172344,rmse,standard,41.670163389918166,5,14.056082236461698,Preprocessor1_Model308
6.152343086172344,rsq,standard,0.6369932118106146,5,0.05838752167983774,Preprocessor1_Model308
6.172382965931863,rmse,standard,41.731160124107895,5,14.08125400613789,Preprocessor1_Model309
6.172382965931863,rsq,standard,0.6368811620821657,5,0.05839853061559356,Preprocessor1_Model309
6.192422845691382,rmse,standard,41.79221778675137,5,14.106444968532427,Preprocessor1_Model310
6.192422845691382,rsq,standard,0.6367675214671755,5,0.058409873735940976,Preprocessor1_Model310
6.2124627254509015,rmse,standard,41.853336170506914,5,14.131654977089555,Preprocessor1_Model311
6.2124627254509015,rsq,standard,0.6366522661654881,5,0.05842155806619939,Preprocessor1_Model311
6.232502605210421,rmse,standard,41.914515068779686,5,14.156883886366705,Preprocessor1_Model312
6.232502605210421,rsq,standard,0.636535371929396,5,0.05843359080221486,Preprocessor1_Model312
6.25254248496994,rmse,standard,41.97575427571817,5,14.182131552027398,Preprocessor1_Model313
6.25254248496994,rsq,standard,0.6364168140536062,5,0.058445979314927066,Preprocessor1_Model313
6.272582364729459,rmse,standard,42.03705358621059,5,14.207397830834138,Preprocessor1_Model314
6.272582364729459,rsq,standard,0.6362965673649745,5,0.058458731155080663,Preprocessor1_Model314
6.292622244488978,rmse,standard,42.09841321070876,5,14.232682530398963,Preprocessor1_Model315
6.292622244488978,rsq,standard,0.636174782814986,5,0.058471899856559595,Preprocessor1_Model315
6.312662124248496,rmse,standard,42.15983254941385,5,14.257985557870674,Preprocessor1_Model316
6.312662124248496,rsq,standard,0.6360512664701942,5,0.05848544950178263,Preprocessor1_Model316
6.3327020040080155,rmse,standard,42.22131138440215,5,14.283306775089775,Preprocessor1_Model317
6.3327020040080155,rsq,standard,0.635925985355479,5,0.058499386550599254,Preprocessor1_Model317
6.352741883767535,rmse,standard,42.28284951346471,5,14.308646043148045,Preprocessor1_Model318
6.352741883767535,rsq,standard,0.63579891235069,5,0.058513719319366636,Preprocessor1_Model318
6.372781763527054,rmse,standard,42.344446735115234,5,14.334003224200982,Preprocessor1_Model319
6.372781763527054,rsq,standard,0.6356700198127759,5,0.058528456329701696,Preprocessor1_Model319
6.392821643286573,rmse,standard,42.40610284858674,5,14.359378181460798,Preprocessor1_Model320
6.392821643286573,rsq,standard,0.6355392795638141,5,0.05854360631408509,Preprocessor1_Model320
6.412861523046092,rmse,standard,42.467817653828305,5,14.384770779189502,Preprocessor1_Model321
6.412861523046092,rsq,standard,0.635406662878709,5,0.058559178221606424,Preprocessor1_Model321
6.432901402805611,rmse,standard,42.5295909515017,5,14.41018088269188,Preprocessor1_Model322
6.432901402805611,rsq,standard,0.6352721404725862,5,0.058575181223907834,Preprocessor1_Model322
6.4529412825651296,rmse,standard,42.59141218468357,5,14.43560529378934,Preprocessor1_Model323
6.4529412825651296,rsq,standard,0.6351361044990806,5,0.0585915033723723,Preprocessor1_Model323
6.472981162324649,rmse,standard,42.65262192471735,5,14.46091067845942,Preprocessor1_Model324
6.472981162324649,rsq,standard,0.6350084155269338,5,0.05860671200271562,Preprocessor1_Model324
6.493021042084168,rmse,standard,42.713886936791475,5,14.486233697821097,Preprocessor1_Model325
6.493021042084168,rsq,standard,0.6348788241233889,5,0.05862237739630795,Preprocessor1_Model325
6.513060921843687,rmse,standard,42.77520703535279,5,14.51157422128178,Preprocessor1_Model326
6.513060921843687,rsq,standard,0.6347472995006596,5,0.05863850977236583,Preprocessor1_Model326
6.533100801603206,rmse,standard,42.83658203554126,5,14.536932119211116,Preprocessor1_Model327
6.533100801603206,rsq,standard,0.6346138102586454,5,0.05865511960756242,Preprocessor1_Model327
6.553140681362725,rmse,standard,42.898011753186424,5,14.562307262934867,Preprocessor1_Model328
6.553140681362725,rsq,standard,0.63447832437056,5,0.05867221764318956,Preprocessor1_Model328
6.5731805611222445,rmse,standard,42.95949600480387,5,14.587699524728809,Preprocessor1_Model329
6.5731805611222445,rsq,standard,0.6343408091681446,5,0.05868981489251648,Preprocessor1_Model329
6.593220440881764,rmse,standard,43.021034607591815,5,14.61310877781264,Preprocessor1_Model330
6.593220440881764,rsq,standard,0.6342012313264856,5,0.05870792264840345,Preprocessor1_Model330
6.613260320641282,rmse,standard,43.08262737942759,5,14.638534896343936,Preprocessor1_Model331
6.613260320641282,rsq,standard,0.6340595568484412,5,0.05872655249111062,Preprocessor1_Model331
6.633300200400801,rmse,standard,43.14427413886432,5,14.663977755412096,Preprocessor1_Model332
6.633300200400801,rsq,standard,0.6339157510486287,5,0.05874571629636807,Preprocessor1_Model332
6.65334008016032,rmse,standard,43.205970521608535,5,14.689438908743698,Preprocessor1_Model333
6.65334008016032,rsq,standard,0.6337708921829753,5,0.05876476367979707,Preprocessor1_Model333
6.673379959919839,rmse,standard,43.267526711578775,5,14.714994263434757,Preprocessor1_Model334
6.673379959919839,rsq,standard,0.633675901778897,5,0.05875338651713989,Preprocessor1_Model334
6.6934198396793585,rmse,standard,43.32913676807928,5,14.740565783721443,Preprocessor1_Model335
6.6934198396793585,rsq,standard,0.6335795045561772,5,0.058742078774871226,Preprocessor1_Model335
6.713459719438878,rmse,standard,43.39080051141483,5,14.76615334906482,Preprocessor1_Model336
6.713459719438878,rsq,standard,0.6334816789755868,5,0.05873084413673737,Preprocessor1_Model336
6.733499599198397,rmse,standard,43.452517762546954,5,14.791756839827826,Preprocessor1_Model337
6.733499599198397,rsq,standard,0.6333824030924505,5,0.05871968641713867,Preprocessor1_Model337
6.753539478957916,rmse,standard,43.51428182804163,5,14.817370471588873,Preprocessor1_Model338
6.753539478957916,rsq,standard,0.6332815582718132,5,0.05870852987913047,Preprocessor1_Model338
6.773579358717434,rmse,standard,43.576096737246495,5,14.842997780776626,Preprocessor1_Model339
6.773579358717434,rsq,standard,0.6331791833033573,5,0.0586974294678447,Preprocessor1_Model339
6.793619238476953,rmse,standard,43.637964603489706,5,14.868640641624298,Preprocessor1_Model340
6.793619238476953,rsq,standard,0.6330752887186664,5,0.05868641733070692,Preprocessor1_Model340
6.8136591182364725,rmse,standard,43.69988525043413,5,14.894298938171872,Preprocessor1_Model341
6.8136591182364725,rsq,standard,0.6329698508497906,5,0.05867549784035046,Preprocessor1_Model341
6.833698997995992,rmse,standard,43.76185850238311,5,14.919972555330677,Preprocessor1_Model342
6.833698997995992,rsq,standard,0.6328628455756671,5,0.05866467552381857,Preprocessor1_Model342
6.853738877755511,rmse,standard,43.82388418427751,5,14.945661378877544,Preprocessor1_Model343
6.853738877755511,rsq,standard,0.63275424831186,5,0.058653955067862244,Preprocessor1_Model343
6.87377875751503,rmse,standard,43.885962121692664,5,14.971365295448951,Preprocessor1_Model344
6.87377875751503,rsq,standard,0.632644034000007,5,0.058643341324414656,Preprocessor1_Model344
6.893818637274549,rmse,standard,43.94717047847947,5,14.997188605990997,Preprocessor1_Model345
6.893818637274549,rsq,standard,0.6325708961574806,5,0.05864158543841673,Preprocessor1_Model345
6.913858517034068,rmse,standard,44.00727633890234,5,15.023157021580065,Preprocessor1_Model346
6.913858517034068,rsq,standard,0.6325453355391046,5,0.05865098321174086,Preprocessor1_Model346
6.9338983967935865,rmse,standard,44.06743379938137,5,15.049139461141356,Preprocessor1_Model347
6.9338983967935865,rsq,standard,0.6325191362376026,5,0.05866061772091791,Preprocessor1_Model347
6.953938276553106,rmse,standard,44.12764269369383,5,15.075135819370814,Preprocessor1_Model348
6.953938276553106,rsq,standard,0.6324922871277477,5,0.05867049389428801,Preprocessor1_Model348
6.973978156312625,rmse,standard,44.18790285616835,5,15.101145991778548,Preprocessor1_Model349
6.973978156312625,rsq,standard,0.6324647768397588,5,0.05868061678789527,Preprocessor1_Model349
6.994018036072144,rmse,standard,44.248214121682786,5,15.127169874683005,Preprocessor1_Model350
6.994018036072144,rsq,standard,0.6324365937528098,5,0.05869099158937895,Preprocessor1_Model350
7.014057915831663,rmse,standard,44.308576325662216,5,15.15320736520515,Preprocessor1_Model351
7.014057915831663,rsq,standard,0.6324077259883928,5,0.05870162362197426,Preprocessor1_Model351
7.034097795591182,rmse,standard,44.368989304076834,5,15.179258361262644,Preprocessor1_Model352
7.034097795591182,rsq,standard,0.6323781614034358,5,0.058712518348668405,Preprocessor1_Model352
7.0541376753507015,rmse,standard,44.429452893439944,5,15.205322761564108,Preprocessor1_Model353
7.0541376753507015,rsq,standard,0.6323478875832454,5,0.058723681376495855,Preprocessor1_Model353
7.07417755511022,rmse,standard,44.48996693080595,5,15.2314004656034,Preprocessor1_Model354
7.07417755511022,rsq,standard,0.6323168918342059,5,0.05873511846099335,Preprocessor1_Model354
7.094217434869739,rmse,standard,44.55057675564219,5,15.257450963680784,Preprocessor1_Model355
7.094217434869739,rsq,standard,0.6323170261226108,5,0.05873416110785116,Preprocessor1_Model355
7.114257314629258,rmse,standard,44.6112471941444,5,15.283499212425104,Preprocessor1_Model356
7.114257314629258,rsq,standard,0.6323281196190212,5,0.0587287997692181,Preprocessor1_Model356
7.134297194388777,rmse,standard,44.671967975561294,5,15.30956022965181,Preprocessor1_Model357
7.134297194388777,rsq,standard,0.632339096479557,5,0.05872343781473166,Preprocessor1_Model357
7.154337074148296,rmse,standard,44.73273893734491,5,15.335633919302229,Preprocessor1_Model358
7.154337074148296,rsq,standard,0.6323499552424103,5,0.058718075362401284,Preprocessor1_Model358
7.1743769539078155,rmse,standard,44.793559917484146,5,15.361720186066803,Preprocessor1_Model359
7.1743769539078155,rsq,standard,0.6323606944188792,5,0.05871271253728027,Preprocessor1_Model359
7.194416833667335,rmse,standard,44.85443075450284,5,15.387818935379569,Preprocessor1_Model360
7.194416833667335,rsq,standard,0.6323713124926644,5,0.058707349471747,Preprocessor1_Model360
7.214456713426854,rmse,standard,44.91535128745796,5,15.413930073412692,Preprocessor1_Model361
7.214456713426854,rsq,standard,0.6323818079191456,5,0.05870198630578984,Preprocessor1_Model361
7.234496593186372,rmse,standard,44.97632135593762,5,15.440053507071019,Preprocessor1_Model362
7.234496593186372,rsq,standard,0.6323921791246341,5,0.058696623187315146,Preprocessor1_Model362
7.254536472945891,rmse,standard,45.037340800059326,5,15.466189143986666,Preprocessor1_Model363
7.254536472945891,rsq,standard,0.6324024245056119,5,0.05869126027246032,Preprocessor1_Model363
7.27457635270541,rmse,standard,45.09840946046806,5,15.492336892513617,Preprocessor1_Model364
7.27457635270541,rsq,standard,0.6324125424279173,5,0.05868589772592546,Preprocessor1_Model364
7.2946162324649295,rmse,standard,45.15952717833445,5,15.51849666172238,Preprocessor1_Model365
7.2946162324649295,rsq,standard,0.632422531225933,5,0.05868053572131431,Preprocessor1_Model365
7.314656112224449,rmse,standard,45.220680208283945,5,15.544673761298968,Preprocessor1_Model366
7.314656112224449,rsq,standard,0.6324349849411431,5,0.05867363657537132,Preprocessor1_Model366
7.334695991983968,rmse,standard,45.2818747897827,5,15.570865555383401,Preprocessor1_Model367
7.334695991983968,rsq,standard,0.6324487265851955,5,0.058665895720041786,Preprocessor1_Model367
7.354735871743487,rmse,standard,45.343117988600916,5,15.597069083736379,Preprocessor1_Model368
7.354735871743487,rsq,standard,0.6324623851548308,5,0.058658124328722396,Preprocessor1_Model368
7.374775751503006,rmse,standard,45.404409647935246,5,15.623284258306189,Preprocessor1_Model369
7.374775751503006,rsq,standard,0.6324759598355265,5,0.058650322002029374,Preprocessor1_Model369
7.394815631262524,rmse,standard,45.46574961149869,5,15.649510991731278,Preprocessor1_Model370
7.394815631262524,rsq,standard,0.6324894498021323,5,0.05864248833554191,Preprocessor1_Model370
7.4148555110220435,rmse,standard,45.52713772533007,5,15.675749198926294,Preprocessor1_Model371
7.4148555110220435,rsq,standard,0.6325028542481228,5,0.05863462294407469,Preprocessor1_Model371
7.434895390781563,rmse,standard,45.58857383244866,5,15.701998792383282,Preprocessor1_Model372
7.434895390781563,rsq,standard,0.6325161722987516,5,0.05862672538987993,Preprocessor1_Model372
7.454935270541082,rmse,standard,45.650057778019274,5,15.72825968670406,Preprocessor1_Model373
7.454935270541082,rsq,standard,0.6325294030944366,5,0.05861879525175919,Preprocessor1_Model373
7.474975150300601,rmse,standard,45.71158940780289,5,15.75453179723634,Preprocessor1_Model374
7.474975150300601,rsq,standard,0.6325425457655871,5,0.05861083210431369,Preprocessor1_Model374
7.49501503006012,rmse,standard,45.77316856806818,5,15.780815039992472,Preprocessor1_Model375
7.49501503006012,rsq,standard,0.6325555994309866,5,0.05860283551668343,Preprocessor1_Model375
7.515054909819639,rmse,standard,45.83479510558978,5,15.80710933164445,Preprocessor1_Model376
7.515054909819639,rsq,standard,0.6325685631975785,5,0.05859480505246423,Preprocessor1_Model376
7.5350947895791585,rmse,standard,45.89646886764661,5,15.833414589518922,Preprocessor1_Model377
7.5350947895791585,rsq,standard,0.6325814361602464,5,0.058586740269630816,Preprocessor1_Model377
7.555134669338677,rmse,standard,45.958189702020206,5,15.859730731592268,Preprocessor1_Model378
7.555134669338677,rsq,standard,0.6325942174015856,5,0.05857864072042824,Preprocessor1_Model378
7.575174549098196,rmse,standard,46.01986679907396,5,15.886067634309523,Preprocessor1_Model379
7.575174549098196,rsq,standard,0.632609825245748,5,0.05857116103475047,Preprocessor1_Model379
7.595214428857715,rmse,standard,46.08158560565988,5,15.912415798287002,Preprocessor1_Model380
7.595214428857715,rsq,standard,0.6326255298512985,5,0.058563688002021386,Preprocessor1_Model380
7.615254308617234,rmse,standard,46.14335102544392,5,15.93877458795228,Preprocessor1_Model381
7.615254308617234,rsq,standard,0.6326411686439284,5,0.058556184874951414,Preprocessor1_Model381
7.635294188376753,rmse,standard,46.20516290841294,5,15.965143923963254,Preprocessor1_Model382
7.635294188376753,rsq,standard,0.6326567410547949,5,0.05854865126755891,Preprocessor1_Model382
7.6553340681362725,rmse,standard,46.26702110504585,5,15.991523727602633,Preprocessor1_Model383
7.6553340681362725,rsq,standard,0.6326722465090132,5,0.058541086789264646,Preprocessor1_Model383
7.675373947895792,rmse,standard,46.32892546631207,5,16.01791392077317,Preprocessor1_Model384
7.675373947895792,rsq,standard,0.6326876844255823,5,0.05853349104482355,Preprocessor1_Model384
7.69541382765531,rmse,standard,46.390875843669896,5,16.04431442599294,Preprocessor1_Model385
7.69541382765531,rsq,standard,0.6327030542172808,5,0.058525863634259184,Preprocessor1_Model385
7.715453707414829,rmse,standard,46.452872089064925,5,16.070725166390627,Preprocessor1_Model386
7.715453707414829,rsq,standard,0.6327183552906039,5,0.05851820415279752,Preprocessor1_Model386
7.735493587174348,rmse,standard,46.51491405492851,5,16.097146065700898,Preprocessor1_Model387
7.735493587174348,rsq,standard,0.6327335870456476,5,0.05851051219079657,Preprocessor1_Model387
7.755533466933867,rmse,standard,46.57700159417613,5,16.123577048259712,Preprocessor1_Model388
7.755533466933867,rsq,standard,0.6327487488760323,5,0.05850278733367566,Preprocessor1_Model388
7.7755733466933865,rmse,standard,46.639127713949144,5,16.150017008223966,Preprocessor1_Model389
7.7755733466933865,rsq,standard,0.6327641357512744,5,0.05849501341361192,Preprocessor1_Model389
7.795613226452906,rmse,standard,46.701265828211305,5,16.17646191517528,Preprocessor1_Model390
7.795613226452906,rsq,standard,0.6327809000814203,5,0.05848712946083146,Preprocessor1_Model390
7.815653106212425,rmse,standard,46.76344953677922,5,16.202916792848068,Preprocessor1_Model391
7.815653106212425,rsq,standard,0.6327975924417051,5,0.05847921286528791,Preprocessor1_Model391
7.835692985971944,rmse,standard,46.825678693669246,5,16.229381566760512,Preprocessor1_Model392
7.835692985971944,rsq,standard,0.6328142121904806,5,0.05847126319234507,Preprocessor1_Model392
7.855732865731462,rmse,standard,46.887953153370134,5,16.255856163020322,Preprocessor1_Model393
7.855732865731462,rsq,standard,0.6328307586791024,5,0.058463280002054245,Preprocessor1_Model393
7.875772745490981,rmse,standard,46.95027277084161,5,16.28234050832023,Preprocessor1_Model394
7.875772745490981,rsq,standard,0.6328472312518283,5,0.058455262849083825,Preprocessor1_Model394
7.8958126252505005,rmse,standard,47.0126374015129,5,16.30883452993349,Preprocessor1_Model395
7.8958126252505005,rsq,standard,0.6328636292457146,5,0.058447211282631036,Preprocessor1_Model395
7.91585250501002,rmse,standard,47.075046901281276,5,16.335338155709362,Preprocessor1_Model396
7.91585250501002,rsq,standard,0.6328799519905154,5,0.05843912484635774,Preprocessor1_Model396
7.935892384769539,rmse,standard,47.13750112651066,5,16.361851314068712,Preprocessor1_Model397
7.935892384769539,rsq,standard,0.6328961988085711,5,0.05843100307829009,Preprocessor1_Model397
7.955932264529058,rmse,standard,47.19999993403013,5,16.388373933999585,Preprocessor1_Model398
7.955932264529058,rsq,standard,0.6329123690147045,5,0.0584228455107586,Preprocessor1_Model398
7.975972144288577,rmse,standard,47.26254318113257,5,16.414905945052816,Preprocessor1_Model399
7.975972144288577,rsq,standard,0.6329284619160968,5,0.058414651670288906,Preprocessor1_Model399
7.996012024048096,rmse,standard,47.32513072557319,5,16.441447277337666,Preprocessor1_Model400
7.996012024048096,rsq,standard,0.6329444768121973,5,0.058406421077538,Preprocessor1_Model400
8.016051903807615,rmse,standard,47.38776242556814,5,16.46799786151753,Preprocessor1_Model401
8.016051903807615,rsq,standard,0.6329604129945905,5,0.05839815324719716,Preprocessor1_Model401
8.036091783567134,rmse,standard,47.45043813979316,5,16.49455762880561,Preprocessor1_Model402
8.036091783567134,rsq,standard,0.6329762697468788,5,0.058389847687905845,Preprocessor1_Model402
8.056131663326653,rmse,standard,47.513157727382065,5,16.521126510960652,Preprocessor1_Model403
8.056131663326653,rsq,standard,0.6329920463445807,5,0.058381503902155275,Preprocessor1_Model403
8.076171543086172,rmse,standard,47.57592104792549,5,16.547704440282736,Preprocessor1_Model404
8.076171543086172,rsq,standard,0.6330077420549854,5,0.05837312138621028,Preprocessor1_Model404
8.096211422845691,rmse,standard,47.638727961469414,5,16.574291349609023,Preprocessor1_Model405
8.096211422845691,rsq,standard,0.6330233561370524,5,0.05836469963000738,Preprocessor1_Model405
8.11625130260521,rmse,standard,47.70157832851383,5,16.600887172309633,Preprocessor1_Model406
8.11625130260521,rsq,standard,0.633038887841275,5,0.058356238117058284,Preprocessor1_Model406
8.13629118236473,rmse,standard,47.76447212210948,5,16.62749194166098,Preprocessor1_Model407
8.13629118236473,rsq,standard,0.6330543384661608,5,0.05834773801728322,Preprocessor1_Model407
8.156331062124249,rmse,standard,47.82740909492476,5,16.654105495735013,Preprocessor1_Model408
8.156331062124249,rsq,standard,0.6330697052652424,5,0.05833919717091049,Preprocessor1_Model408
8.176370941883768,rmse,standard,47.89038910561661,5,16.680727766642057,Preprocessor1_Model409
8.176370941883768,rsq,standard,0.6330849874046178,5,0.058330614993659054,Preprocessor1_Model409
8.196410821643287,rmse,standard,47.95341201648653,5,16.707358689841595,Preprocessor1_Model410
8.196410821643287,rsq,standard,0.6331001840998197,5,0.05832199094252336,Preprocessor1_Model410
8.216450701402806,rmse,standard,48.01647769028321,5,16.733998201305585,Preprocessor1_Model411
8.216450701402806,rsq,standard,0.6331152945572543,5,0.05831332446758838,Preprocessor1_Model411
8.236490581162325,rmse,standard,48.07958599020124,5,16.760646237514447,Preprocessor1_Model412
8.236490581162325,rsq,standard,0.6331303179740653,5,0.058304615011910636,Preprocessor1_Model412
8.256530460921843,rmse,standard,48.142736779879726,5,16.787302735453085,Preprocessor1_Model413
8.256530460921843,rsq,standard,0.6331452535379793,5,0.058295862011403604,Preprocessor1_Model413
8.276570340681362,rmse,standard,48.20592992340108,5,16.813967632606946,Preprocessor1_Model414
8.276570340681362,rsq,standard,0.6331601004271831,5,0.05828706489475119,Preprocessor1_Model414
8.296610220440881,rmse,standard,48.26916528528957,5,16.840640866958086,Preprocessor1_Model415
8.296610220440881,rsq,standard,0.6331748578101519,5,0.05827822308327693,Preprocessor1_Model415
8.3166501002004,rmse,standard,48.332442730510046,5,16.867322376981278,Preprocessor1_Model416
8.3166501002004,rsq,standard,0.6331895248455176,5,0.058269335990842795,Preprocessor1_Model416
8.33668997995992,rmse,standard,48.395762124466664,5,16.89401210164014,Preprocessor1_Model417
8.33668997995992,rsq,standard,0.6332041006818943,5,0.058260403023718446,Preprocessor1_Model417
8.356729859719438,rmse,standard,48.459123333001536,5,16.920709980383293,Preprocessor1_Model418
8.356729859719438,rsq,standard,0.6332185844577516,5,0.05825142358048685,Preprocessor1_Model418
8.376769739478958,rmse,standard,48.52252622239348,5,16.947415953140577,Preprocessor1_Model419
8.376769739478958,rsq,standard,0.6332329753012242,5,0.058242397051899444,Preprocessor1_Model419
8.396809619238477,rmse,standard,48.58597065935666,5,16.974129960319207,Preprocessor1_Model420
8.396809619238477,rsq,standard,0.6332472723299691,5,0.05823332282077033,Preprocessor1_Model420
8.416849498997996,rmse,standard,48.649456511039354,5,17.000851942800068,Preprocessor1_Model421
8.416849498997996,rsq,standard,0.6332614746509964,5,0.05822420026185155,Preprocessor1_Model421
8.436889378757515,rmse,standard,48.71298364502263,5,17.02758184193396,Preprocessor1_Model422
8.436889378757515,rsq,standard,0.6332755813605017,5,0.0582150287416985,Preprocessor1_Model422
8.456929258517034,rmse,standard,48.77655192931913,5,17.054319599537894,Preprocessor1_Model423
8.456929258517034,rsq,standard,0.6332895915436819,5,0.058205807618545186,Preprocessor1_Model423
8.476969138276553,rmse,standard,48.840161232371706,5,17.081065157891413,Preprocessor1_Model424
8.476969138276553,rsq,standard,0.6333035042745817,5,0.05819653624217508,Preprocessor1_Model424
8.497009018036072,rmse,standard,48.903811423052225,5,17.10781845973295,Preprocessor1_Model425
8.497009018036072,rsq,standard,0.6333173186158965,5,0.05818721395378298,Preprocessor1_Model425
8.517048897795592,rmse,standard,48.96750237066025,5,17.13457944825619,Preprocessor1_Model426
8.517048897795592,rsq,standard,0.6333310336188016,5,0.05817784008584534,Preprocessor1_Model426
8.53708877755511,rmse,standard,49.03124130337206,5,17.161349040322246,Preprocessor1_Model427
8.53708877755511,rsq,standard,0.6333440672303008,5,0.0581684349712763,Preprocessor1_Model427
8.557128657314628,rmse,standard,49.09503360711079,5,17.188127897588924,Preprocessor1_Model428
8.557128657314628,rsq,standard,0.6333559528489416,5,0.05815901379133947,Preprocessor1_Model428
8.577168537074147,rmse,standard,49.15886563212231,5,17.214914171514042,Preprocessor1_Model429
8.577168537074147,rsq,standard,0.6333677430234911,5,0.0581495373077828,Preprocessor1_Model429
8.597208416833666,rmse,standard,49.22273725090219,5,17.241707808240857,Preprocessor1_Model430
8.597208416833666,rsq,standard,0.6333794367845266,5,0.058140004823984466,Preprocessor1_Model430
8.617248296593186,rmse,standard,49.286648336370114,5,17.26850875433823,Preprocessor1_Model431
8.617248296593186,rsq,standard,0.6333910331502033,5,0.05813041563391313,Preprocessor1_Model431
8.637288176352705,rmse,standard,49.35059876186846,5,17.295316956797222,Preprocessor1_Model432
8.637288176352705,rsq,standard,0.6334025311260448,5,0.0581207690219697,Preprocessor1_Model432
8.657328056112224,rmse,standard,49.414588401161126,5,17.32213236302777,Preprocessor1_Model433
8.657328056112224,rsq,standard,0.6334139297047415,5,0.05811106426284063,Preprocessor1_Model433
8.677367935871743,rmse,standard,49.478617128432106,5,17.34895492085536,Preprocessor1_Model434
8.677367935871743,rsq,standard,0.633425227865943,5,0.05810130062133524,Preprocessor1_Model434
8.697407815631262,rmse,standard,49.542684818284286,5,17.37578457851772,Preprocessor1_Model435
8.697407815631262,rsq,standard,0.6334364245760346,5,0.058091477352226736,Preprocessor1_Model435
8.717447695390781,rmse,standard,49.60679134573812,5,17.40262128466157,Preprocessor1_Model436
8.717447695390781,rsq,standard,0.6334475187879062,5,0.058081593700079356,Preprocessor1_Model436
8.7374875751503,rmse,standard,49.67093658623034,5,17.429464988339355,Preprocessor1_Model437
8.7374875751503,rsq,standard,0.6334585094407622,5,0.0580716488990925,Preprocessor1_Model437
8.75752745490982,rmse,standard,49.73512041561272,5,17.456315639006032,Preprocessor1_Model438
8.75752745490982,rsq,standard,0.6334693954598514,5,0.0580616421729241,Preprocessor1_Model438
8.777567334669339,rmse,standard,49.799342710150775,5,17.48317318651588,Preprocessor1_Model439
8.777567334669339,rsq,standard,0.633480175756258,5,0.058051572734510185,Preprocessor1_Model439
8.797607214428858,rmse,standard,49.863603346522474,5,17.510037581119306,Preprocessor1_Model440
8.797607214428858,rsq,standard,0.6334908492266597,5,0.05804143978589812,Preprocessor1_Model440
8.817647094188377,rmse,standard,49.92790220181701,5,17.536908773459697,Preprocessor1_Model441
8.817647094188377,rsq,standard,0.6335014147530806,5,0.05803124251805849,Preprocessor1_Model441
8.837686973947896,rmse,standard,49.99223915353352,5,17.563786714570316,Preprocessor1_Model442
8.837686973947896,rsq,standard,0.6335118712026416,5,0.05802098011069871,Preprocessor1_Model442
8.857726853707415,rmse,standard,50.05661407957984,5,17.59067135587115,Preprocessor1_Model443
8.857726853707415,rsq,standard,0.6335222174273155,5,0.05801065173208325,Preprocessor1_Model443
8.877766733466933,rmse,standard,50.12102685827122,5,17.617562649165894,Preprocessor1_Model444
8.877766733466933,rsq,standard,0.6335324522636537,5,0.05800025653882749,Preprocessor1_Model444
8.897806613226452,rmse,standard,50.18547736832915,5,17.64446054663883,Preprocessor1_Model445
8.897806613226452,rsq,standard,0.6335425745325473,5,0.057989793675719596,Preprocessor1_Model445
8.917846492985971,rmse,standard,50.24996885757335,5,17.671368010349497,Preprocessor1_Model446
8.917846492985971,rsq,standard,0.6335526551644909,5,0.057979321233380815,Preprocessor1_Model446
8.93788637274549,rmse,standard,50.314501462513356,5,17.698285224418036,Preprocessor1_Model447
8.93788637274549,rsq,standard,0.6335626994033423,5,0.05796884357416102,Preprocessor1_Model447
8.95792625250501,rmse,standard,50.37907144598315,5,17.725208911284525,Preprocessor1_Model448
8.95792625250501,rsq,standard,0.6335726289258303,5,0.05795829677263884,Preprocessor1_Model448
8.977966132264529,rmse,standard,50.44367868827265,5,17.75213902457093,Preprocessor1_Model449
8.977966132264529,rsq,standard,0.6335824425054063,5,0.057947679937892266,Preprocessor1_Model449
8.998006012024048,rmse,standard,50.508323070072095,5,17.779075518265266,Preprocessor1_Model450
8.998006012024048,rsq,standard,0.633592138898702,5,0.057936992166310666,Preprocessor1_Model450
9.018045891783567,rmse,standard,50.573004472470785,5,17.806018346718616,Preprocessor1_Model451
9.018045891783567,rsq,standard,0.6336017168452603,5,0.05792623254138761,Preprocessor1_Model451
9.038085771543086,rmse,standard,50.637722776955904,5,17.832967464642287,Preprocessor1_Model452
9.038085771543086,rsq,standard,0.6336111750672174,5,0.05791540013348984,Preprocessor1_Model452
9.058125651302605,rmse,standard,50.70247786541121,5,17.85992282710487,Preprocessor1_Model453
9.058125651302605,rsq,standard,0.6336205122689881,5,0.05790449399963311,Preprocessor1_Model453
9.078165531062124,rmse,standard,50.76726962011593,5,17.886884389529445,Preprocessor1_Model454
9.078165531062124,rsq,standard,0.6336297271369847,5,0.057893513183257396,Preprocessor1_Model454
9.098205410821643,rmse,standard,50.83209792374346,5,17.913852107690673,Preprocessor1_Model455
9.098205410821643,rsq,standard,0.6336388183392717,5,0.05788245671397881,Preprocessor1_Model455
9.118245290581163,rmse,standard,50.89696265936024,5,17.940825937712056,Preprocessor1_Model456
9.118245290581163,rsq,standard,0.6336477845252526,5,0.057871323607362773,Preprocessor1_Model456
9.138285170340682,rmse,standard,50.961863710424446,5,17.96780583606307,Preprocessor1_Model457
9.138285170340682,rsq,standard,0.6336566243253351,5,0.05786011286467167,Preprocessor1_Model457
9.158325050100201,rmse,standard,51.02680096078492,5,17.994791759556474,Preprocessor1_Model458
9.158325050100201,rsq,standard,0.6336653363505952,5,0.05784882347260785,Preprocessor1_Model458
9.178364929859718,rmse,standard,51.091774294679844,5,18.02178366534547,Preprocessor1_Model459
9.178364929859718,rsq,standard,0.6336739191924312,5,0.05783745440307638,Preprocessor1_Model459
9.198404809619237,rmse,standard,51.15678359673565,5,18.04878151092106,Preprocessor1_Model460
9.198404809619237,rsq,standard,0.6336823714222066,5,0.05782600461290286,Preprocessor1_Model460
9.218444689378757,rmse,standard,51.22182875196578,5,18.075785254109256,Preprocessor1_Model461
9.218444689378757,rsq,standard,0.6336906915908969,5,0.05781447304358533,Preprocessor1_Model461
9.238484569138276,rmse,standard,51.28690964576949,5,18.102794853068463,Preprocessor1_Model462
9.238484569138276,rsq,standard,0.633698878228708,5,0.057802858621006585,Preprocessor1_Model462
9.258524448897795,rmse,standard,51.3520261639307,5,18.12981026628677,Preprocessor1_Model463
9.258524448897795,rsq,standard,0.6337069298447209,5,0.05779116025517337,Preprocessor1_Model463
9.278564328657314,rmse,standard,51.41717819261683,5,18.15683145257932,Preprocessor1_Model464
9.278564328657314,rsq,standard,0.6337148449264888,5,0.05777937683991792,Preprocessor1_Model464
9.298604208416833,rmse,standard,51.48236561837756,5,18.18385837108566,Preprocessor1_Model465
9.298604208416833,rsq,standard,0.6337226219396471,5,0.05776750725261593,Preprocessor1_Model465
9.318644088176352,rmse,standard,51.54758832814371,5,18.210890981267173,Preprocessor1_Model466
9.318644088176352,rsq,standard,0.6337302593275231,5,0.057755550353892265,Preprocessor1_Model466
9.338683967935872,rmse,standard,51.61284620922605,5,18.237929242904464,Preprocessor1_Model467
9.338683967935872,rsq,standard,0.6337377555107123,5,0.05774350498731899,Preprocessor1_Model467
9.35872384769539,rmse,standard,51.67813914931416,5,18.2649731160948,Preprocessor1_Model468
9.35872384769539,rsq,standard,0.6337451088866755,5,0.05773136997910216,Preprocessor1_Model468
9.37876372745491,rmse,standard,51.74333203540053,5,18.292006911608855,Preprocessor1_Model469
9.37876372745491,rsq,standard,0.6337533309249639,5,0.05771912578280142,Preprocessor1_Model469
9.398803607214429,rmse,standard,51.80853697071971,5,18.31904370107297,Preprocessor1_Model470
9.398803607214429,rsq,standard,0.6337615734284755,5,0.05770678750516959,Preprocessor1_Model470
9.418843486973948,rmse,standard,51.87377660574863,5,18.346086091286253,Preprocessor1_Model471
9.418843486973948,rsq,standard,0.6337696635547457,5,0.057694357091067294,Preprocessor1_Model471
9.438883366733467,rmse,standard,51.93905083049593,5,18.37313404284288,Preprocessor1_Model472
9.438883366733467,rsq,standard,0.6337775995869749,5,0.0576818332895009,Preprocessor1_Model472
9.458923246492986,rmse,standard,52.004359535338054,5,18.400187516645108,Preprocessor1_Model473
9.458923246492986,rsq,standard,0.6337853797829532,5,0.05766921483047005,Preprocessor1_Model473
9.478963126252506,rmse,standard,52.06970261101813,5,18.427246473900784,Preprocessor1_Model474
9.478963126252506,rsq,standard,0.6337930023745828,5,0.0576565004246144,Preprocessor1_Model474
9.499003006012023,rmse,standard,52.13507994864485,5,18.454310876120942,Preprocessor1_Model475
9.499003006012023,rsq,standard,0.6338004655673919,5,0.05764368876286134,Preprocessor1_Model475
9.519042885771542,rmse,standard,52.200491439691326,5,18.481380685117344,Preprocessor1_Model476
9.519042885771542,rsq,standard,0.6338077675400274,5,0.05763077851605775,Preprocessor1_Model476
9.539082765531061,rmse,standard,52.265936975994016,5,18.50845586300012,Preprocessor1_Model477
9.539082765531061,rsq,standard,0.6338149064437523,5,0.057617768334602346,Preprocessor1_Model477
9.55912264529058,rmse,standard,52.33141644975152,5,18.535536372175333,Preprocessor1_Model478
9.55912264529058,rsq,standard,0.6338218804019253,5,0.057604656848063,Preprocessor1_Model478
9.5791625250501,rmse,standard,52.39692975352356,5,18.562622175342664,Preprocessor1_Model479
9.5791625250501,rsq,standard,0.6338286875094628,5,0.05759144266478585,Preprocessor1_Model479
9.599202404809619,rmse,standard,52.46247678022978,5,18.589713235493033,Preprocessor1_Model480
9.599202404809619,rsq,standard,0.6338353258323046,5,0.05757812437150628,Preprocessor1_Model480
9.619242284569138,rmse,standard,52.528057423148695,5,18.616809515906283,Preprocessor1_Model481
9.619242284569138,rsq,standard,0.6338417934068403,5,0.05756470053293466,Preprocessor1_Model481
9.639282164328657,rmse,standard,52.59367157591657,5,18.64391098014886,Preprocessor1_Model482
9.639282164328657,rsq,standard,0.63384808823935,5,0.05755116969134316,Preprocessor1_Model482
9.659322044088176,rmse,standard,52.659319132526306,5,18.671017592071543,Preprocessor1_Model483
9.659322044088176,rsq,standard,0.6338542083054223,5,0.0575375303661501,Preprocessor1_Model483
9.679361923847695,rmse,standard,52.72499998732633,5,18.698129315807133,Preprocessor1_Model484
9.679361923847695,rsq,standard,0.6338601515493567,5,0.05752378105347784,Preprocessor1_Model484
9.699401803607214,rmse,standard,52.79071403501955,5,18.72524611576823,Preprocessor1_Model485
9.699401803607214,rsq,standard,0.6338659158835458,5,0.057509920225711386,Preprocessor1_Model485
9.719441683366734,rmse,standard,52.856461170662186,5,18.75236795664497,Preprocessor1_Model486
9.719441683366734,rsq,standard,0.6338714991878625,5,0.05749594633105036,Preprocessor1_Model486
9.739481563126253,rmse,standard,52.92224128966273,5,18.779494803402827,Preprocessor1_Model487
9.739481563126253,rsq,standard,0.6338768993090159,5,0.057481857793045314,Preprocessor1_Model487
9.759521442885772,rmse,standard,52.98805428778085,5,18.80662662128037,Preprocessor1_Model488
9.759521442885772,rsq,standard,0.6338821140599002,5,0.05746765301011816,Preprocessor1_Model488
9.779561322645291,rmse,standard,53.05389911671574,5,18.833762526450958,Preprocessor1_Model489
9.779561322645291,rsq,standard,0.6338871165007472,5,0.05745331033651391,Preprocessor1_Model489
9.799601202404808,rmse,standard,53.1197708897833,5,18.860898182135905,Preprocessor1_Model490
9.799601202404808,rsq,standard,0.633891778160492,5,0.057438725941662994,Preprocessor1_Model490
9.819641082164328,rmse,standard,53.18567522441809,5,18.888038698413602,Preprocessor1_Model491
9.819641082164328,rsq,standard,0.6338962456828059,5,0.05742401879669896,Preprocessor1_Model491
9.839680961923847,rmse,standard,53.251612017807034,5,18.915184041635026,Preprocessor1_Model492
9.839680961923847,rsq,standard,0.6339005167108882,5,0.05740918717414944,Preprocessor1_Model492
9.859720841683366,rmse,standard,53.31758116748257,5,18.942334178413237,Preprocessor1_Model493
9.859720841683366,rsq,standard,0.6339045888501631,5,0.05739422931856213,Preprocessor1_Model493
9.879760721442885,rmse,standard,53.383582571321675,5,18.969489075621293,Preprocessor1_Model494
9.879760721442885,rsq,standard,0.6339084596675164,5,0.05737914344596366,Preprocessor1_Model494
9.899800601202404,rmse,standard,53.449616127544715,5,18.996648700390153,Preprocessor1_Model495
9.899800601202404,rsq,standard,0.633912126690523,5,0.05736392774330403,Preprocessor1_Model495
9.919840480961923,rmse,standard,53.515681734714455,5,19.02381302010661,Preprocessor1_Model496
9.919840480961923,rsq,standard,0.6339155874066418,5,0.05734858036787888,Preprocessor1_Model496
9.939880360721443,rmse,standard,53.58177929173493,5,19.050982002411228,Preprocessor1_Model497
9.939880360721443,rsq,standard,0.6339188392624111,5,0.05733309944674553,Preprocessor1_Model497
9.959920240480962,rmse,standard,53.64790869785044,5,19.078155615196337,Preprocessor1_Model498
9.959920240480962,rsq,standard,0.6339218796626029,5,0.05731748307613068,Preprocessor1_Model498
9.97996012024048,rmse,standard,53.71406985264443,5,19.10533382660397,Preprocessor1_Model499
9.97996012024048,rsq,standard,0.633924705969375,5,0.05730172932080735,Preprocessor1_Model499
10,rmse,standard,53.78026265603854,5,19.13251660502391,Preprocessor1_Model500
10,rsq,standard,0.6339273155013935,5,0.0572858362134758,Preprocessor1_Model500
